faboulous,0.6981726884841919,0.6974444389343262,-1.0090642632576419e-07,0.6400872468948364,0.6670794486999512,-0.004238536115735769,0.5880369544029236,0.6177884340286255,-0.009959176182746887,0.5428795218467712,0.5953165888786316,-0.02024342492222786,0.5011113882064819,0.5869831442832947,-0.030096061527729034,0.6249373555183411,0.5159324407577515,0.01961543783545494,0.5927621722221375,0.46131572127342224,0.006426922976970673,0.5654770731925964,0.4403649866580963,-0.010450447909533978,0.5370771884918213,0.4272923469543457,-0.023019690066576004,0.6436125040054321,0.5066245794296265,0.008844134397804737,0.6076036691665649,0.4451669454574585,-0.003697854233905673,0.5759611129760742,0.42272165417671204,-0.018278487026691437,0.5448190569877625,0.413857102394104,-0.02864634431898594,0.6638238430023193,0.5062527060508728,-0.006074958480894566,0.6307026147842407,0.43877190351486206,-0.01880732551217079,0.5958885550498962,0.4155586361885071,-0.027046838775277138,0.5627919435501099,0.40797460079193115,-0.03142105042934418,0.6844375729560852,0.5126411318778992,-0.022701894864439964,0.6591065526008606,0.45007574558258057,-0.03242306783795357,0.6295984983444214,0.42436307668685913,-0.0362967886030674,0.6000057458877563,0.4136013388633728,-0.03835902363061905
faboulous,0.6964356899261475,0.6976721286773682,-9.873054551690075e-08,0.6402667760848999,0.6663205623626709,-0.005154447164386511,0.5900400280952454,0.6166538000106812,-0.01212753914296627,0.5464059114456177,0.5927693843841553,-0.023062702268362045,0.5058109760284424,0.5847297310829163,-0.03357462212443352,0.624604344367981,0.5163387060165405,0.014665257185697556,0.5932494401931763,0.4610418379306793,-0.0004377220757305622,0.56629478931427,0.43991565704345703,-0.01823602057993412,0.5385518074035645,0.4275941848754883,-0.031219853088259697,0.6432521343231201,0.5076441168785095,0.004429876338690519,0.6092881560325623,0.4445878863334656,-0.00977124273777008,0.578414797782898,0.42201757431030273,-0.024602681398391724,0.5480279922485352,0.4134969711303711,-0.035040028393268585,0.6637455821037292,0.5079379081726074,-0.009716125205159187,0.6337528824806213,0.4394330382347107,-0.022946707904338837,0.6008737683296204,0.41648566722869873,-0.031153807416558266,0.569329023361206,0.4094768762588501,-0.03579234704375267,0.6855592727661133,0.5158849954605103,-0.025559358298778534,0.663940966129303,0.45554545521736145,-0.035334646701812744,0.6367173194885254,0.43037277460098267,-0.03927185386419296,0.6084321737289429,0.41967374086380005,-0.041590508073568344
faboulous,0.6969866156578064,0.6957198977470398,-9.485484753213314e-08,0.6417415738105774,0.6689372062683105,-0.00677501643076539,0.590294599533081,0.6184032559394836,-0.013575637713074684,0.5465707778930664,0.5925760865211487,-0.02399093471467495,0.5063084363937378,0.5834786891937256,-0.033796440809965134,0.6232951283454895,0.5157145261764526,0.013872467912733555,0.5919882655143738,0.46041440963745117,-0.0005175050464458764,0.5654932856559753,0.43891966342926025,-0.017700456082820892,0.5381509065628052,0.4260905683040619,-0.03028414398431778,0.6413597464561462,0.5064268112182617,0.004894893150776625,0.6075384616851807,0.4441140592098236,-0.00843008141964674,0.5770307779312134,0.42115747928619385,-0.0224501620978117,0.5466748476028442,0.41199442744255066,-0.03227391839027405,0.6617507934570312,0.5058189034461975,-0.008131112903356552,0.6314508318901062,0.4380747675895691,-0.02081535942852497,0.5993400812149048,0.41559892892837524,-0.02850826270878315,0.5680175423622131,0.4085249602794647,-0.03266496956348419,0.6836486458778381,0.512707531452179,-0.023032955825328827,0.661449134349823,0.45170313119888306,-0.03261847421526909,0.6341189742088318,0.4272304177284241,-0.036361705511808395,0.6055552363395691,0.4175432324409485,-0.038371674716472626
faboulous,0.69622802734375,0.696578860282898,-1.0345173961923138e-07,0.6413733959197998,0.6694011688232422,-0.005975706502795219,0.5898425579071045,0.6183512210845947,-0.012177211232483387,0.5465041995048523,0.5918285846710205,-0.0220642052590847,0.5067518949508667,0.5831466913223267,-0.031370650976896286,0.6230471134185791,0.5161111354827881,0.014824253506958485,0.5914993286132812,0.4612634778022766,0.00082310353172943,0.5650107264518738,0.43999332189559937,-0.016063090413808823,0.5378558039665222,0.42719823122024536,-0.028488753363490105,0.641133189201355,0.5070199966430664,0.005551015958189964,0.6073463559150696,0.44528651237487793,-0.0074920314364135265,0.57729572057724,0.42260992527008057,-0.02137811854481697,0.5472642779350281,0.4131077826023102,-0.031088346615433693,0.6616501808166504,0.5064045190811157,-0.007686510216444731,0.6311785578727722,0.4394019842147827,-0.02014930732548237,0.5996719598770142,0.4167061448097229,-0.027665724977850914,0.5686943531036377,0.40880823135375977,-0.03173775598406792,0.6839070916175842,0.5132127404212952,-0.022732175886631012,0.661949872970581,0.4527369737625122,-0.032110460102558136,0.6354095339775085,0.4277309775352478,-0.03570166230201721,0.6074934005737305,0.4169129431247711,-0.0376434363424778
faboulous,0.696495771408081,0.6963062882423401,-1.0325938859523376e-07,0.6414997577667236,0.6695337295532227,-0.005863557569682598,0.5898379683494568,0.6183127760887146,-0.011937727220356464,0.5464870929718018,0.5918172001838684,-0.021737007424235344,0.506694495677948,0.5828859806060791,-0.030932512134313583,0.6229220032691956,0.5159049034118652,0.015081166289746761,0.5914852619171143,0.4606378674507141,0.0009660275536589324,0.5649436116218567,0.43957024812698364,-0.016043120995163918,0.5375791788101196,0.4274181127548218,-0.02844078093767166,0.6409978866577148,0.506659984588623,0.005817204248160124,0.6071495413780212,0.44467663764953613,-0.007247197441756725,0.5769200921058655,0.42215484380722046,-0.021202169358730316,0.5467285513877869,0.4133303463459015,-0.030874943360686302,0.6615100502967834,0.5059738159179688,-0.00742315873503685,0.6309360265731812,0.4386976957321167,-0.019815480336546898,0.5992288589477539,0.4162507653236389,-0.02732727862894535,0.5680902004241943,0.4089551568031311,-0.03131423145532608,0.6836931705474854,0.5127391815185547,-0.022466054186224937,0.6615131497383118,0.45186182856559753,-0.031770769506692886,0.6347271800041199,0.42690134048461914,-0.035314206033945084,0.6065719723701477,0.41637611389160156,-0.03714152052998543
faboulous,0.6966860294342041,0.6965780258178711,-1.0297009822579639e-07,0.6415019035339355,0.6694701313972473,-0.0057638040743768215,0.5899398326873779,0.6184784173965454,-0.011806015856564045,0.5465483665466309,0.5920546054840088,-0.021628106012940407,0.5066868662834167,0.5830686688423157,-0.03084651194512844,0.6229509115219116,0.5160489082336426,0.015532935038208961,0.59150230884552,0.4610751271247864,0.0016183689003810287,0.56499183177948,0.43997037410736084,-0.015292911790311337,0.5376855731010437,0.42746421694755554,-0.02770831063389778,0.6410197615623474,0.5068415999412537,0.006158631760627031,0.6072503328323364,0.44497445225715637,-0.0067364671267569065,0.5771016478538513,0.4223405718803406,-0.02063537947833538,0.5469346642494202,0.41320380568504333,-0.03034518100321293,0.6615167856216431,0.5061342120170593,-0.007219666615128517,0.6311240196228027,0.43892166018486023,-0.01957135833799839,0.5994692444801331,0.4163733720779419,-0.02710059843957424,0.5683280229568481,0.4089435935020447,-0.031152283772826195,0.6836850643157959,0.5128363966941833,-0.02240809053182602,0.6616166234016418,0.4521816372871399,-0.03174256533384323,0.6348506212234497,0.4273461699485779,-0.035336654633283615,0.6067076921463013,0.4169629216194153,-0.03724530339241028
faboulous,0.6986737251281738,0.6968716979026794,-1.0741585754203697e-07,0.642184317111969,0.6683008670806885,-0.00611295597627759,0.5894929766654968,0.6176822781562805,-0.012561037205159664,0.5455241203308105,0.5920144319534302,-0.022665588185191154,0.505609393119812,0.5814831256866455,-0.03211181238293648,0.6257185935974121,0.516811728477478,0.014501603320240974,0.5931951403617859,0.46185576915740967,0.0005531631759367883,0.5666732788085938,0.44085320830345154,-0.016237715259194374,0.5393417477607727,0.42785272002220154,-0.028661219403147697,0.644892692565918,0.5071249008178711,0.005183870904147625,0.6099317669868469,0.4451104998588562,-0.007969438098371029,0.5791406631469727,0.4228479266166687,-0.0218062587082386,0.5489782691001892,0.4138391315937042,-0.031566306948661804,0.6658369898796082,0.5061824917793274,-0.00813176017254591,0.6339005827903748,0.43975234031677246,-0.020689157769083977,0.6002671718597412,0.41651296615600586,-0.02836480736732483,0.5681290030479431,0.4083048701286316,-0.03265910595655441,0.687833309173584,0.5125168561935425,-0.023239191621541977,0.6641842722892761,0.4531938433647156,-0.0326993353664875,0.6363149881362915,0.42753899097442627,-0.036531101912260056,0.6078336238861084,0.41541028022766113,-0.03874260187149048
faboulous,0.6944887638092041,0.6975254416465759,-1.3272047283408028e-07,0.6402685642242432,0.6731905341148376,-0.0050737871788442135,0.590730607509613,0.6268197894096375,-0.01093263179063797,0.5528397560119629,0.5982680916786194,-0.020286953076720238,0.5203906893730164,0.5805191397666931,-0.029012566432356834,0.6245468854904175,0.5202924013137817,0.011662288568913937,0.5962267518043518,0.46265754103660583,-0.0030662587378174067,0.5710627436637878,0.442180335521698,-0.02016211301088333,0.5454714298248291,0.4321686029434204,-0.03208571672439575,0.6442332863807678,0.5114650726318359,0.0023031914606690407,0.6143994331359863,0.4462134838104248,-0.011044487357139587,0.5845162272453308,0.42507946491241455,-0.024602478370070457,0.5554634928703308,0.4203726649284363,-0.033673934638500214,0.6651965975761414,0.5102526545524597,-0.01059228740632534,0.6382055878639221,0.4428335428237915,-0.021848291158676147,0.6065124869346619,0.4216005504131317,-0.028502555564045906,0.5765719413757324,0.4176340699195862,-0.03221668675541878,0.6880489587783813,0.517095685005188,-0.025245407596230507,0.6680993437767029,0.45920220017433167,-0.03358814865350723,0.6421863436698914,0.4376426339149475,-0.036144912242889404,0.6157354116439819,0.43174803256988525,-0.03718045353889465
faboulous,0.6932848691940308,0.6953022480010986,-1.2374582070151519e-07,0.6399145722389221,0.6721817255020142,-0.00586106488481164,0.5915200114250183,0.627086341381073,-0.012387989088892937,0.5536959171295166,0.5990261435508728,-0.022192729637026787,0.5210373997688293,0.5817214250564575,-0.03135903552174568,0.6243306398391724,0.5193505883216858,0.010802791453897953,0.5958837270736694,0.4625258147716522,-0.003958993591368198,0.5712090730667114,0.44238659739494324,-0.021280402317643166,0.5458179712295532,0.43226251006126404,-0.03338303044438362,0.6438983082771301,0.510008692741394,0.0019925348460674286,0.6138964295387268,0.4457540512084961,-0.0110564474016428,0.5843963623046875,0.4248725175857544,-0.024548012763261795,0.5552109479904175,0.4203594923019409,-0.03367377072572708,0.6647943258285522,0.5085775852203369,-0.0103774294257164,0.6376450061798096,0.44213104248046875,-0.021205678582191467,0.6066452860832214,0.421180784702301,-0.02764858491718769,0.5768548846244812,0.4172109067440033,-0.0313543863594532,0.6872841119766235,0.515572726726532,-0.024570556357502937,0.6672149300575256,0.45871034264564514,-0.0326261930167675,0.6418035626411438,0.4374261498451233,-0.03502989187836647,0.6154340505599976,0.43115895986557007,-0.03599962964653969
faboulous,0.6933616399765015,0.6944670677185059,-1.2090106338291662e-07,0.6399447917938232,0.6720083951950073,-0.00643056258559227,0.5914307236671448,0.6269538998603821,-0.013116076588630676,0.5532516241073608,0.5991804599761963,-0.02298569679260254,0.5200614929199219,0.5823571681976318,-0.03224032744765282,0.6242890954017639,0.5192630887031555,0.010362504050135612,0.5959850549697876,0.4625631272792816,-0.004509401973336935,0.5713213086128235,0.4419846534729004,-0.02194809913635254,0.545793890953064,0.4315631687641144,-0.034184373915195465,0.6438302993774414,0.5099012851715088,0.0017542497953400016,0.6139382123947144,0.44596409797668457,-0.011537693440914154,0.5844486951828003,0.42475467920303345,-0.025268033146858215,0.555046558380127,0.4197302758693695,-0.03455723449587822,0.6647520065307617,0.5085737109184265,-0.010466636158525944,0.6375846266746521,0.4423023462295532,-0.021707622334361076,0.606698751449585,0.42116600275039673,-0.028526978567242622,0.5767725706100464,0.4168562889099121,-0.03242504969239235,0.6872055530548096,0.5155765414237976,-0.02453003078699112,0.6671277284622192,0.4585031569004059,-0.033032990992069244,0.6417237520217896,0.43702322244644165,-0.035787854343652725,0.6152080297470093,0.43057316541671753,-0.03697848320007324
faboulous,0.6930617094039917,0.6942566633224487,-1.1972119295933226e-07,0.6397855877876282,0.67165207862854,-0.006607182789593935,0.5912903547286987,0.6268898248672485,-0.013475323095917702,0.5531476736068726,0.5992920994758606,-0.023465508595108986,0.5200282335281372,0.582356870174408,-0.03284411504864693,0.6242697834968567,0.5192253589630127,0.009942646138370037,0.5959494709968567,0.46278324723243713,-0.005009453743696213,0.5713015794754028,0.44241681694984436,-0.022482607513666153,0.5457915663719177,0.4319758713245392,-0.03474359214305878,0.6439423561096191,0.5098075270652771,0.0014039925299584866,0.6138926148414612,0.4460257589817047,-0.011996818706393242,0.5844287872314453,0.42496541142463684,-0.025866443291306496,0.5550965666770935,0.41998982429504395,-0.03524348884820938,0.6649997234344482,0.5084750652313232,-0.010717201046645641,0.6377412676811218,0.44228625297546387,-0.022040406242012978,0.6068732738494873,0.4212552309036255,-0.028981590643525124,0.5769312381744385,0.4171023368835449,-0.032943300902843475,0.6877066493034363,0.5154897570610046,-0.02467290498316288,0.667699933052063,0.45851850509643555,-0.033264193683862686,0.6424469947814941,0.43698322772979736,-0.036111924797296524,0.6159857511520386,0.43057286739349365,-0.03733918443322182
faboulous,0.6903812885284424,0.7105384469032288,-4.3513189496025007e-08,0.6381499171257019,0.6853704452514648,-0.008346742019057274,0.5930078625679016,0.6407912969589233,-0.013866779394447803,0.5626861453056335,0.605514645576477,-0.021372467279434204,0.5444292426109314,0.5701805949211121,-0.027614256367087364,0.6261672377586365,0.5292549729347229,0.01201450265944004,0.606212854385376,0.473646879196167,0.0003566820523701608,0.5914319753646851,0.4517310857772827,-0.014642056077718735,0.5778445601463318,0.4400274157524109,-0.02503610961139202,0.6521357893943787,0.5172975659370422,0.005572326481342316,0.6355893611907959,0.45192623138427734,-0.0026652796659618616,0.6205446124076843,0.42404964566230774,-0.014302360825240612,0.605636477470398,0.41167643666267395,-0.022599972784519196,0.6791913509368896,0.5170469284057617,-0.0046415068209171295,0.6697867512702942,0.4533720314502716,-0.012083415873348713,0.6571137309074402,0.4245225787162781,-0.017353689298033714,0.6426003575325012,0.4093504250049591,-0.021114302799105644,0.7076053619384766,0.5293495655059814,-0.01685739867389202,0.7064394354820251,0.47627097368240356,-0.02306157536804676,0.6963841319084167,0.4490877687931061,-0.024579014629125595,0.6816651225090027,0.43114352226257324,-0.025209864601492882
faboulous,0.6911976933479309,0.7097480297088623,-5.662698754349549e-09,0.6372120380401611,0.685488760471344,-0.01105476077646017,0.5911561846733093,0.6419522762298584,-0.01838231272995472,0.5606573820114136,0.606153130531311,-0.02698235772550106,0.5421279668807983,0.5682743787765503,-0.034018054604530334,0.6253604888916016,0.5258316993713379,0.008353077806532383,0.607397198677063,0.4710708260536194,-0.00444021075963974,0.5932132601737976,0.4491049647331238,-0.020175566896796227,0.5792902708053589,0.43608686327934265,-0.031062450259923935,0.6520747542381287,0.5137695074081421,0.00310806417837739,0.6372401714324951,0.44998717308044434,-0.006740265060216188,0.6222906112670898,0.4248642921447754,-0.019095689058303833,0.6066220998764038,0.4138069450855255,-0.027653547003865242,0.679406464099884,0.5141921043395996,-0.006030658259987831,0.6712649464607239,0.4512127637863159,-0.014759160578250885,0.6580412983894348,0.42430803179740906,-0.02092938870191574,0.6429982781410217,0.41085222363471985,-0.025026872754096985,0.7080023288726807,0.5274131894111633,-0.017271142452955246,0.7078320980072021,0.4738966226577759,-0.024429209530353546,0.6983784437179565,0.44715604186058044,-0.026870064437389374,0.6847029328346252,0.42924022674560547,-0.027860820293426514
faboulous,0.6912120580673218,0.7098503708839417,-1.1318623371892045e-08,0.6372686624526978,0.6856739521026611,-0.01082769688218832,0.5914115309715271,0.6421738862991333,-0.01824110560119152,0.5610064268112183,0.6067674160003662,-0.0270092710852623,0.542617917060852,0.5692858099937439,-0.034230321645736694,0.6257545948028564,0.5259621143341064,0.008140334859490395,0.6077679395675659,0.4705105423927307,-0.005202429369091988,0.5932016968727112,0.44872501492500305,-0.021253952756524086,0.5789955854415894,0.43692341446876526,-0.0321245975792408,0.6523346304893494,0.5140119194984436,0.002812293590977788,0.6373400092124939,0.4495655298233032,-0.00741651002317667,0.6219481825828552,0.42445188760757446,-0.019988059997558594,0.6058791875839233,0.41442736983299255,-0.02856558747589588,0.6796056628227234,0.5143904685974121,-0.006391391158103943,0.6714717745780945,0.45088982582092285,-0.015262555330991745,0.6578857898712158,0.4240398108959198,-0.021535702049732208,0.6425687074661255,0.411654531955719,-0.02559529058635235,0.7081091403961182,0.5275493264198303,-0.017673850059509277,0.7082790732383728,0.473460853099823,-0.024869075044989586,0.6987262964248657,0.44634121656417847,-0.027401164174079895,0.6848390698432922,0.4287624657154083,-0.02838996611535549
faboulous,0.6910828948020935,0.7104931473731995,-1.506354863067827e-08,0.6371865272521973,0.6858848333358765,-0.010840716771781445,0.5913523435592651,0.6420085430145264,-0.018344728276133537,0.5609399676322937,0.6064164042472839,-0.02719905972480774,0.5427897572517395,0.5685925483703613,-0.03450850769877434,0.6260521411895752,0.5262216329574585,0.007878095842897892,0.6082457900047302,0.47055739164352417,-0.005788483656942844,0.5935404896736145,0.4488052427768707,-0.022038118913769722,0.5791206359863281,0.43723979592323303,-0.03296494856476784,0.6525967121124268,0.5145252346992493,0.0025271186605095863,0.6377092003822327,0.4499647319316864,-0.007827583700418472,0.6221969127655029,0.42457032203674316,-0.020394712686538696,0.6059534549713135,0.414309024810791,-0.028964776545763016,0.6798248291015625,0.5151417255401611,-0.006712444592267275,0.6719119548797607,0.45145004987716675,-0.015664175152778625,0.6584445834159851,0.42439398169517517,-0.02184847928583622,0.6431896686553955,0.4116949439048767,-0.025834092870354652,0.7082228660583496,0.5285466909408569,-0.018036402761936188,0.7084914445877075,0.4742470979690552,-0.025327065959572792,0.6989316344261169,0.4468284249305725,-0.027832236140966415,0.6850117444992065,0.4289090037345886,-0.028772015124559402
faboulous,0.6832838654518127,0.711924135684967,1.8898504094977397e-08,0.6275674104690552,0.6848803162574768,-0.01665961556136608,0.5822436809539795,0.636166512966156,-0.027683159336447716,0.5563235878944397,0.5846023559570312,-0.03992437943816185,0.5662277936935425,0.5361981391906738,-0.049651071429252625,0.6275884509086609,0.5253989696502686,0.0119508421048522,0.6167969703674316,0.46457377076148987,-0.004876529797911644,0.6021637320518494,0.4448325037956238,-0.024299731478095055,0.5895295739173889,0.43876463174819946,-0.03697783499956131,0.6535705327987671,0.5140838623046875,0.009009809233248234,0.6452857255935669,0.4436336159706116,-0.005486247129738331,0.6287957429885864,0.42031973600387573,-0.021427767351269722,0.61238694190979,0.4167126417160034,-0.031071223318576813,0.6794044375419617,0.5138298869132996,0.0009980832692235708,0.6738444566726685,0.44551917910575867,-0.009740413166582584,0.6598790287971497,0.41941991448402405,-0.01633225567638874,0.6457030773162842,0.41002771258354187,-0.019635628908872604,0.705416202545166,0.5268797278404236,-0.009919542819261551,0.7032270431518555,0.4691851735115051,-0.0167190320789814,0.693044900894165,0.44136300683021545,-0.01891598105430603,0.6802027821540833,0.4244157075881958,-0.019488465040922165
faboulous,0.6824174523353577,0.7132344245910645,-2.3566709472788716e-08,0.6265716552734375,0.6858024597167969,-0.017153920605778694,0.5812454223632812,0.6364443898200989,-0.02941850759088993,0.5556342005729675,0.5848566293716431,-0.04322926327586174,0.5655104517936707,0.5346285104751587,-0.05437150225043297,0.6295809149742126,0.5248914361000061,0.012080366723239422,0.6204859018325806,0.4622540771961212,-0.0073589361272752285,0.6045026779174805,0.4462382197380066,-0.028934722766280174,0.5906453132629395,0.44615355134010315,-0.04244088754057884,0.6552530527114868,0.5138936638832092,0.008777179755270481,0.648728609085083,0.44038835167884827,-0.008136427961289883,0.630139946937561,0.4184025526046753,-0.025923795998096466,0.6110724210739136,0.4198400378227234,-0.03622125834226608,0.6803944706916809,0.514244019985199,8.888410229701549e-05,0.6751956343650818,0.44364580512046814,-0.011577345430850983,0.6591105461120605,0.4185791611671448,-0.01930631324648857,0.6420501470565796,0.4127345681190491,-0.023144003003835678,0.7055983543395996,0.5278224349021912,-0.011614897288382053,0.7033998370170593,0.46914398670196533,-0.018723683431744576,0.6928191184997559,0.4407076835632324,-0.02178013138473034,0.6787157654762268,0.42441344261169434,-0.022939734160900116
faboulous,0.6837008595466614,0.7143386006355286,-3.457073560753088e-08,0.6274842619895935,0.6857700943946838,-0.017513306811451912,0.5817745923995972,0.6375137567520142,-0.030419856309890747,0.5554968118667603,0.5866522789001465,-0.045207343995571136,0.5661454200744629,0.5364201664924622,-0.05732223019003868,0.6298254728317261,0.5262243151664734,0.012516956776380539,0.6207575798034668,0.4627768397331238,-0.008159514516592026,0.6043052077293396,0.44634634256362915,-0.03085240162909031,0.5897415280342102,0.44654902815818787,-0.044965289533138275,0.6552925705909729,0.5148397088050842,0.008915981277823448,0.6488890051841736,0.4390915334224701,-0.009992023929953575,0.6291944980621338,0.41769295930862427,-0.02923193760216236,0.6087523102760315,0.4220532178878784,-0.03999580442905426,0.6802680492401123,0.514602780342102,-0.0002185448829550296,0.674781084060669,0.4423166811466217,-0.013232428580522537,0.6571186780929565,0.41834694147109985,-0.022281764075160027,0.6382694840431213,0.4160659909248352,-0.026468411087989807,0.7054887413978577,0.5275649428367615,-0.012430026195943356,0.7031819224357605,0.46708589792251587,-0.020410234108567238,0.6912022829055786,0.4378950595855713,-0.02457692287862301,0.6754423379898071,0.4229002892971039,-0.02627381682395935
faboulous,0.6846206188201904,0.7159327864646912,-4.343920068095031e-08,0.6284010410308838,0.6867105960845947,-0.016876451671123505,0.5824878811836243,0.6381012797355652,-0.029469173401594162,0.5558174848556519,0.5873401761054993,-0.044130440801382065,0.5662725567817688,0.5369834303855896,-0.05619851499795914,0.6297385692596436,0.5274471044540405,0.013471074402332306,0.6197388172149658,0.465517520904541,-0.0070847379975020885,0.6035349369049072,0.4496271312236786,-0.029858287423849106,0.5893976092338562,0.44947564601898193,-0.04411556199193001,0.6550772786140442,0.5155675411224365,0.009444577619433403,0.6478211879730225,0.44025689363479614,-0.009203100576996803,0.6282091736793518,0.41837289929389954,-0.028426747769117355,0.6079093813896179,0.421536922454834,-0.03933311626315117,0.6801334023475647,0.5148859024047852,-0.00012230210995767266,0.6738850474357605,0.4429100751876831,-0.013063102960586548,0.6561918258666992,0.4184729754924774,-0.022111685946583748,0.6373791694641113,0.415391206741333,-0.02637043409049511,0.7056434154510498,0.5273510217666626,-0.012740056961774826,0.7028195261955261,0.4667915105819702,-0.020542098209261894,0.6906744241714478,0.43718940019607544,-0.02455032430589199,0.6747997403144836,0.4215964078903198,-0.026235785335302353
faboulous,0.6828774809837341,0.7161416411399841,-6.179928391247813e-08,0.6260021328926086,0.6912088394165039,-0.01398558635264635,0.5771586894989014,0.6456787586212158,-0.025646423920989037,0.5477840900421143,0.5996147990226746,-0.0397803820669651,0.5566757917404175,0.5509530305862427,-0.05149216577410698,0.6181914806365967,0.537887454032898,0.010839424096047878,0.5953053832054138,0.48961544036865234,-0.012623137794435024,0.5788652896881104,0.49106597900390625,-0.03545412793755531,0.5694386959075928,0.5041441321372986,-0.048084504902362823,0.6423105001449585,0.5191291570663452,0.005418331362307072,0.6236135959625244,0.44997867941856384,-0.008995935320854187,0.6008285284042358,0.4152105450630188,-0.023318355903029442,0.5795208811759949,0.3964430093765259,-0.03252292051911354,0.6689991354942322,0.5163821578025818,-0.005905756261199713,0.6499313116073608,0.44484978914260864,-0.01869048923254013,0.6288596987724304,0.40677323937416077,-0.026056399568915367,0.6095686554908752,0.3815128207206726,-0.029598334804177284,0.696434736251831,0.5267856121063232,-0.01982615329325199,0.6889583468437195,0.4610925316810608,-0.02845991589128971,0.6770159006118774,0.4193490743637085,-0.031086314469575882,0.6632939577102661,0.38516950607299805,-0.03168206661939621
faboulous,0.680584728717804,0.7152577638626099,-9.05157115926869e-10,0.6250516176223755,0.6993175745010376,-0.015964608639478683,0.5746091604232788,0.6574401259422302,-0.030459260568022728,0.5434938669204712,0.6179146766662598,-0.04716453328728676,0.556418240070343,0.5762287974357605,-0.06160717085003853,0.6143929362297058,0.5427443385124207,-0.0004291388613637537,0.5852478742599487,0.49580106139183044,-0.03151834011077881,0.5708814859390259,0.5127576589584351,-0.0575835257768631,0.5673506259918213,0.5370250940322876,-0.0710521936416626,0.6368086934089661,0.522067129611969,-0.007462439592927694,0.6098796725273132,0.4427541494369507,-0.027006251737475395,0.5839453339576721,0.39795562624931335,-0.042870599776506424,0.5603488683700562,0.36181405186653137,-0.05276263505220413,0.6640777587890625,0.5192665457725525,-0.02038777805864811,0.6372911334037781,0.4393623471260071,-0.03891129046678543,0.6141145825386047,0.3905521631240845,-0.04931294918060303,0.5929394364356995,0.349112331867218,-0.05430268123745918,0.693317711353302,0.5312736630439758,-0.035563092678785324,0.6842995882034302,0.4583894908428192,-0.04669760540127754,0.6752269864082336,0.4122110605239868,-0.049490541219711304,0.6644762754440308,0.3715084195137024,-0.0501890629529953
faboulous,0.6812005639076233,0.7180255651473999,-1.535096672000691e-08,0.6265382766723633,0.6995304822921753,-0.01523944828659296,0.5763069987297058,0.6573233604431152,-0.028788087889552116,0.5437777638435364,0.6183620095252991,-0.04480268806219101,0.5535035133361816,0.5774295926094055,-0.05910287797451019,0.6143321990966797,0.5425684452056885,0.002224972937256098,0.5868842601776123,0.4950796961784363,-0.02733779139816761,0.5707833766937256,0.5055418610572815,-0.053638823330402374,0.5657482743263245,0.5246195197105408,-0.0680902749300003,0.6364127397537231,0.5223522186279297,-0.0051416815258562565,0.6096811294555664,0.4433382749557495,-0.023038964718580246,0.5852521657943726,0.3974434733390808,-0.03893719241023064,0.5644171237945557,0.35967302322387695,-0.049531448632478714,0.6639876365661621,0.5199459791183472,-0.018425002694129944,0.6373589038848877,0.4392879605293274,-0.0359165333211422,0.6153021454811096,0.3913774788379669,-0.046331290155649185,0.5954593420028687,0.35059380531311035,-0.05182409659028053,0.6940106153488159,0.5319725275039673,-0.03402872756123543,0.6842871308326721,0.459951788187027,-0.04517717286944389,0.6750395894050598,0.41387438774108887,-0.04831692948937416,0.664677619934082,0.37224286794662476,-0.0496031790971756
faboulous,0.6819762587547302,0.7193553447723389,-2.4402952547575296e-08,0.6269105672836304,0.6994592547416687,-0.01457431260496378,0.5767956376075745,0.6566861867904663,-0.027930140495300293,0.543916642665863,0.6185440421104431,-0.04403692111372948,0.5532861948013306,0.5780060887336731,-0.058382052928209305,0.6148114800453186,0.5423884987831116,0.0029687557835131884,0.5863412618637085,0.4938713312149048,-0.027307767421007156,0.5702285766601562,0.5075592398643494,-0.053982652723789215,0.5656358003616333,0.5300619006156921,-0.068374864757061,0.636642575263977,0.5226594805717468,-0.00466725742444396,0.609722912311554,0.4430641531944275,-0.0226497370749712,0.5853639245033264,0.39721643924713135,-0.0385037362575531,0.5644315481185913,0.35899782180786133,-0.04903623089194298,0.6641843318939209,0.520462691783905,-0.0182958971709013,0.6370669603347778,0.43969351053237915,-0.03573156148195267,0.6149809956550598,0.39162516593933105,-0.04605251923203468,0.5949988961219788,0.35037195682525635,-0.05149100720882416,0.6942194700241089,0.5325620174407959,-0.034216541796922684,0.6844892501831055,0.4604015350341797,-0.04507047310471535,0.6753454208374023,0.41408801078796387,-0.04790222644805908,0.6650201082229614,0.37189027667045593,-0.048988472670316696
faboulous,0.6825118660926819,0.7198764681816101,-2.422431322202101e-08,0.6270946264266968,0.6993693709373474,-0.014257502742111683,0.5768329501152039,0.6569824814796448,-0.027591386809945107,0.5437803268432617,0.6191280484199524,-0.04378015547990799,0.5530868172645569,0.5783284306526184,-0.058222271502017975,0.6149693131446838,0.5426928400993347,0.0032294592820107937,0.5864136815071106,0.4939841628074646,-0.026905667036771774,0.5703628659248352,0.5079839825630188,-0.053516607731580734,0.5658276081085205,0.5306698083877563,-0.06790100038051605,0.6367207169532776,0.5228955745697021,-0.004618518520146608,0.6096881628036499,0.4430583119392395,-0.022511452436447144,0.5852215886116028,0.3970678448677063,-0.03839921951293945,0.5641494989395142,0.35864967107772827,-0.049017567187547684,0.6641824245452881,0.5206157565116882,-0.01842724345624447,0.6369296908378601,0.43972668051719666,-0.035800617188215256,0.6147838830947876,0.3915420174598694,-0.04614441096782684,0.5947225689888,0.35017716884613037,-0.05164866894483566,0.6942294239997864,0.5325466394424438,-0.03450450301170349,0.684585690498352,0.46019473671913147,-0.04524429515004158,0.6754921078681946,0.41367292404174805,-0.04799395799636841,0.6651734113693237,0.3712679147720337,-0.04907362535595894
faboulous,0.6841946244239807,0.7195903062820435,6.787584716505535e-09,0.6283136010169983,0.7043923139572144,-0.01686158962547779,0.5774340033531189,0.6646623015403748,-0.031686343252658844,0.5457262992858887,0.6297053098678589,-0.048619747161865234,0.5508747100830078,0.5918986201286316,-0.06360316276550293,0.6120242476463318,0.5432866215705872,-0.003197690239176154,0.5800073146820068,0.49661093950271606,-0.034814804792404175,0.5639976263046265,0.5173811912536621,-0.06184404343366623,0.5602585673332214,0.5451722145080566,-0.075968898832798,0.6344817280769348,0.5216676592826843,-0.010463226586580276,0.6066130995750427,0.4389755427837372,-0.029333388432860374,0.5833628177642822,0.38966071605682373,-0.045596323907375336,0.5640528202056885,0.3469807505607605,-0.05626431107521057,0.6630932092666626,0.5194845795631409,-0.02366112917661667,0.6365247964859009,0.43791869282722473,-0.04183833301067352,0.6168091297149658,0.3867655396461487,-0.05343157425522804,0.5992031693458557,0.3420143127441406,-0.05980217084288597,0.6952947378158569,0.5331249237060547,-0.03917957469820976,0.6876407861709595,0.46132105588912964,-0.050636984407901764,0.6804372072219849,0.4148057699203491,-0.05358228087425232,0.6721193194389343,0.37258076667785645,-0.05460194870829582
faboulous,0.6853474378585815,0.7233016490936279,-3.0530418193563946e-09,0.6290621161460876,0.7048265933990479,-0.015519934706389904,0.5779255628585815,0.6650336384773254,-0.02983745187520981,0.5463098287582397,0.6305797696113586,-0.04664913937449455,0.551236629486084,0.5941148996353149,-0.061673738062381744,0.6138017773628235,0.5430643558502197,-0.001001841272227466,0.5801774859428406,0.4957650303840637,-0.032445214688777924,0.5631273984909058,0.5173322558403015,-0.059880178421735764,0.5589209198951721,0.5459277033805847,-0.07423505187034607,0.6360662579536438,0.5218435525894165,-0.009050119668245316,0.6072158217430115,0.43844667077064514,-0.027434714138507843,0.5829361081123352,0.3886977434158325,-0.044159069657325745,0.5628014802932739,0.3458600640296936,-0.055350810289382935,0.664465069770813,0.5196489691734314,-0.02297201007604599,0.6382427215576172,0.4378107488155365,-0.04043208062648773,0.6187798380851746,0.38561323285102844,-0.0522003248333931,0.6015217304229736,0.3406825661659241,-0.05885056033730507,0.6960196495056152,0.5330681800842285,-0.03919889032840729,0.6879668235778809,0.46113789081573486,-0.04979557543992996,0.6803686618804932,0.4141120910644531,-0.0522671639919281,0.6716240048408508,0.3718850314617157,-0.05309651792049408
faboulous,0.6859880089759827,0.7253875136375427,-1.5700021283038268e-09,0.6292309761047363,0.7056642174720764,-0.01510525494813919,0.5779101252555847,0.665328860282898,-0.02940000221133232,0.5457522869110107,0.6310248374938965,-0.04645703732967377,0.5512489676475525,0.5943132042884827,-0.061744481325149536,0.6138390898704529,0.5433169007301331,0.00034543953370302916,0.5812330842018127,0.49464234709739685,-0.03089044615626335,0.5639484524726868,0.5164349675178528,-0.05862131714820862,0.5590217113494873,0.5452882647514343,-0.07329469919204712,0.6359427571296692,0.52230304479599,-0.008036298677325249,0.6074581146240234,0.43790262937545776,-0.025726715102791786,0.5833032727241516,0.3877357840538025,-0.04242340475320816,0.5631066560745239,0.3446844220161438,-0.05382687598466873,0.6642531752586365,0.5204397439956665,-0.022377677261829376,0.6376274228096008,0.43810632824897766,-0.03924987465143204,0.617715060710907,0.3855823278427124,-0.05094576254487038,0.5998625159263611,0.3407251834869385,-0.057752903550863266,0.6960619688034058,0.5337669253349304,-0.03907660022377968,0.6882315874099731,0.46084076166152954,-0.04919363930821419,0.6807675361633301,0.413166880607605,-0.05149286985397339,0.671908438205719,0.3705906867980957,-0.052375029772520065
faboulous,0.6862002015113831,0.7259311676025391,5.48181544601789e-09,0.629597008228302,0.7049904465675354,-0.014445672743022442,0.5781481862068176,0.6645048260688782,-0.028438370674848557,0.5451391339302063,0.6310940980911255,-0.045379772782325745,0.5507525205612183,0.5950686931610107,-0.06073273718357086,0.6142536401748657,0.5435131788253784,0.0016133454628288746,0.5823863744735718,0.49614036083221436,-0.028675593435764313,0.5645185112953186,0.5149783492088318,-0.05591553822159767,0.5584385395050049,0.5410401225090027,-0.07059106230735779,0.6361711621284485,0.5224982500076294,-0.0072218975983560085,0.6079347133636475,0.43881475925445557,-0.0246976837515831,0.5837380290031433,0.3886376619338989,-0.04154541343450546,0.5636041760444641,0.345855712890625,-0.05315243825316429,0.6643823981285095,0.5205116271972656,-0.021940551698207855,0.6380154490470886,0.4385448694229126,-0.03885938972234726,0.6180510520935059,0.3861251473426819,-0.050873901695013046,0.6002079844474792,0.34164315462112427,-0.057971201837062836,0.6961154937744141,0.5338039398193359,-0.03895997628569603,0.6887110471725464,0.46119117736816406,-0.049161285161972046,0.6814892292022705,0.4133203625679016,-0.051732804626226425,0.6726471185684204,0.37063664197921753,-0.05294675752520561
faboulous,0.6852012276649475,0.721684455871582,8.252613525883135e-08,0.6282470226287842,0.7029590010643005,-0.014998100697994232,0.5761899948120117,0.6630209684371948,-0.028539767488837242,0.5469594597816467,0.6251739263534546,-0.044273603707551956,0.5552948713302612,0.5860733985900879,-0.05869539827108383,0.6120414733886719,0.5446236729621887,-0.0010222196578979492,0.5841506123542786,0.500343918800354,-0.027485953643918037,0.5674772262573242,0.5044249892234802,-0.05123576521873474,0.5602417588233948,0.5153156518936157,-0.06465665996074677,0.6358891725540161,0.5219371318817139,-0.009918766096234322,0.6085904240608215,0.43627387285232544,-0.027978306636214256,0.585398256778717,0.383828341960907,-0.045048534870147705,0.5664941072463989,0.34025394916534424,-0.05639077350497246,0.6656551361083984,0.5187295079231262,-0.024012481793761253,0.6419578790664673,0.43487006425857544,-0.0428825207054615,0.6243622899055481,0.3815521001815796,-0.05637909844517708,0.6087901592254639,0.3372214436531067,-0.06406105309724808,0.6991111040115356,0.5309121012687683,-0.04001232609152794,0.6943008899688721,0.4576908349990845,-0.05246574059128761,0.6893196105957031,0.40964263677597046,-0.05645707994699478,0.6822241544723511,0.36787405610084534,-0.058457594364881516
faboulous,0.6850465536117554,0.7245039343833923,5.96290661292187e-08,0.6277974843978882,0.7048279047012329,-0.014484943822026253,0.5763892531394958,0.6647240519523621,-0.028009291738271713,0.5482773780822754,0.6265735030174255,-0.04411093145608902,0.554714560508728,0.587578296661377,-0.05863261967897415,0.6125380396842957,0.545927882194519,0.00014319281035568565,0.5843154788017273,0.49741867184638977,-0.028747694566845894,0.5681523680686951,0.5083386898040771,-0.05435902252793312,0.5624573826789856,0.5281177759170532,-0.06800919771194458,0.6359473466873169,0.5233932733535767,-0.008746563456952572,0.6096927523612976,0.43636512756347656,-0.027059823274612427,0.5864307880401611,0.38343870639801025,-0.04441874474287033,0.5672727227210999,0.3397274613380432,-0.055840227752923965,0.6655454039573669,0.5198180079460144,-0.023113667964935303,0.6416289210319519,0.43400150537490845,-0.04151102900505066,0.6236249208450317,0.3800945281982422,-0.054425500333309174,0.6077662706375122,0.33574795722961426,-0.06153017655014992,0.6990744471549988,0.5310825109481812,-0.03950108215212822,0.6937472820281982,0.45608043670654297,-0.050962239503860474,0.6882807016372681,0.407187283039093,-0.054009828716516495,0.6812834143638611,0.3648589253425598,-0.05510246008634567
faboulous,0.6855517029762268,0.7253725528717041,5.5005539678631976e-08,0.6279740929603577,0.7051841020584106,-0.014245343394577503,0.5764405727386475,0.6649450659751892,-0.027791300788521767,0.5481438636779785,0.6268211007118225,-0.04402931034564972,0.5553576946258545,0.5877104997634888,-0.05854179710149765,0.6120073795318604,0.5462165474891663,0.0005638411967083812,0.5835342407226562,0.497355580329895,-0.028888249769806862,0.5681447386741638,0.5105968117713928,-0.05473187193274498,0.5637040734291077,0.5327500104904175,-0.0683099702000618,0.6356074810028076,0.5235639214515686,-0.00837597157806158,0.6093517541885376,0.43588516116142273,-0.026777293533086777,0.5861868858337402,0.38273122906684875,-0.04388263076543808,0.5670332908630371,0.33849281072616577,-0.05503838509321213,0.665461003780365,0.5200302004814148,-0.02287612296640873,0.6410079002380371,0.4343070089817047,-0.04120093584060669,0.6229557991027832,0.3804033100605011,-0.05360063165426254,0.606961727142334,0.3357153832912445,-0.06024574488401413,0.6993998289108276,0.531352698802948,-0.03941753879189491,0.6939560770988464,0.4560992419719696,-0.05056005343794823,0.6880900859832764,0.4068593978881836,-0.05311034619808197,0.6807011365890503,0.36392074823379517,-0.05378346890211105
faboulous,0.6852871775627136,0.7257179617881775,5.027675342716975e-08,0.6279621720314026,0.705196738243103,-0.01444653794169426,0.5767207741737366,0.66489577293396,-0.02818659320473671,0.548366129398346,0.6267992258071899,-0.04462927579879761,0.5559136867523193,0.5878552198410034,-0.05935593694448471,0.6118796467781067,0.5460297465324402,0.0003695500490721315,0.582777202129364,0.49717798829078674,-0.029634300619363785,0.5672593712806702,0.5119413733482361,-0.055890344083309174,0.5630971193313599,0.5356289744377136,-0.06962274014949799,0.635391116142273,0.5234363675117493,-0.008473340421915054,0.6091309785842896,0.4355977177619934,-0.026911355555057526,0.5860776901245117,0.3826657831668854,-0.04404846578836441,0.5670292973518372,0.3384319245815277,-0.0552976131439209,0.665241003036499,0.5199834108352661,-0.022946270182728767,0.6409780383110046,0.43413475155830383,-0.04130473732948303,0.6230267286300659,0.3802105784416199,-0.05375875532627106,0.6070310473442078,0.33526983857154846,-0.06049918383359909,0.6991615295410156,0.5315122008323669,-0.03948689624667168,0.693882942199707,0.4563344120979309,-0.05066133290529251,0.6881812810897827,0.4071648120880127,-0.05321888253092766,0.6808594465255737,0.36403772234916687,-0.053935371339321136
faboulous,0.6887387037277222,0.7289463877677917,4.962768418437236e-09,0.631754994392395,0.7071903347969055,-0.014746112748980522,0.5786585807800293,0.667911171913147,-0.02961031161248684,0.5453868508338928,0.6329739689826965,-0.04763464629650116,0.55381840467453,0.5960808992385864,-0.06385106593370438,0.6124559044837952,0.5482969284057617,-0.00022411378449760377,0.5798822641372681,0.49728161096572876,-0.034177862107753754,0.5656636953353882,0.5245569348335266,-0.06340683251619339,0.5646489262580872,0.5592724680900574,-0.07821177691221237,0.6371100544929504,0.5257585048675537,-0.0086641451343894,0.6128307580947876,0.43858426809310913,-0.027765940874814987,0.5905598402023315,0.38740336894989014,-0.04456629604101181,0.5712986588478088,0.343864768743515,-0.055692996829748154,0.6676430106163025,0.5224312543869019,-0.02332262694835663,0.6438406109809875,0.4365646541118622,-0.04101955518126488,0.6254445910453796,0.3825605511665344,-0.05240034684538841,0.6084914207458496,0.3359285593032837,-0.05857425928115845,0.7013014554977417,0.5347773432731628,-0.04028315842151642,0.6961997747421265,0.45877355337142944,-0.050532545894384384,0.690298318862915,0.4088302254676819,-0.052428122609853745,0.6825588941574097,0.3642028570175171,-0.05269923806190491
faboulous,0.6888387203216553,0.7295740842819214,3.8401040569624456e-08,0.6319711208343506,0.7081258296966553,-0.014867999590933323,0.5788986086845398,0.6680639386177063,-0.029544439166784286,0.5455911159515381,0.6333765983581543,-0.04710777848958969,0.5544600486755371,0.5977548360824585,-0.06310949474573135,0.6118770837783813,0.5481441617012024,-0.00042703727376647294,0.5804101824760437,0.49969080090522766,-0.032827429473400116,0.5654183030128479,0.5216376781463623,-0.06081318110227585,0.5626389980316162,0.5512412190437317,-0.07522651553153992,0.6371156573295593,0.5256040096282959,-0.009138284251093864,0.6127991080284119,0.4389626085758209,-0.0281475018709898,0.5899127125740051,0.38855475187301636,-0.04500565677881241,0.5698350667953491,0.34656673669815063,-0.056070100516080856,0.6678340435028076,0.5226311683654785,-0.02388860285282135,0.644330620765686,0.43731170892715454,-0.042139191180467606,0.6255757808685303,0.3824302554130554,-0.05423611029982567,0.608296811580658,0.33548498153686523,-0.06077439710497856,0.7012555003166199,0.535321056842804,-0.040817927569150925,0.6962139010429382,0.4592818021774292,-0.051477327942848206,0.6906136870384216,0.40891560912132263,-0.05386858806014061,0.682820200920105,0.36421334743499756,-0.054577529430389404
faboulous,0.6887149214744568,0.7297016382217407,3.8786168943261146e-08,0.6320621371269226,0.7080240845680237,-0.014975516125559807,0.5790097713470459,0.6678977012634277,-0.029737893491983414,0.5452693104743958,0.6332360506057739,-0.047384876757860184,0.5542548894882202,0.5971933603286743,-0.06346174329519272,0.6121691465377808,0.54812091588974,-0.00028756045503541827,0.5807399153709412,0.5000240802764893,-0.032718006521463394,0.5656639933586121,0.5218694806098938,-0.06077640503644943,0.5627872943878174,0.5513509511947632,-0.07525764405727386,0.637289822101593,0.5255996584892273,-0.008975356817245483,0.612787127494812,0.43899500370025635,-0.02800154499709606,0.5898560881614685,0.38867050409317017,-0.04494044929742813,0.5697745680809021,0.34676313400268555,-0.056071605533361435,0.6679626107215881,0.5225932598114014,-0.023723801597952843,0.6443784832954407,0.4373239278793335,-0.04205899313092232,0.6255240440368652,0.38245174288749695,-0.05420110002160072,0.6081294417381287,0.3355824947357178,-0.060755837708711624,0.7013460993766785,0.5352671146392822,-0.040661606937646866,0.6962178945541382,0.4590919017791748,-0.05131305009126663,0.6906425356864929,0.408618688583374,-0.05368435010313988,0.6828433871269226,0.3638378381729126,-0.05439861863851547
faboulous,0.688827395439148,0.7296833992004395,3.921518043625838e-08,0.6321812868118286,0.708171010017395,-0.01491072028875351,0.5790627002716064,0.667931079864502,-0.029551735147833824,0.545441746711731,0.6332738399505615,-0.04706500470638275,0.5540918707847595,0.5973837375640869,-0.06302624195814133,0.6121873259544373,0.5481088757514954,-0.00033022856223396957,0.581030547618866,0.4997587203979492,-0.03250299021601677,0.5659450888633728,0.5208669900894165,-0.06034131720662117,0.5627952814102173,0.5497300028800964,-0.07472939044237137,0.6372840404510498,0.5255526900291443,-0.009024521335959435,0.612901508808136,0.43892642855644226,-0.02795533463358879,0.5900079011917114,0.38872861862182617,-0.04484185948967934,0.5699042677879333,0.34700602293014526,-0.05594361200928688,0.6679121255874634,0.5225278735160828,-0.023741018027067184,0.6442295908927917,0.43729472160339355,-0.04200693592429161,0.6254026293754578,0.38252702355384827,-0.0541788749396801,0.6080674529075623,0.3358033299446106,-0.06077464669942856,0.7012737989425659,0.5350893139839172,-0.04063541442155838,0.6960994601249695,0.4588192105293274,-0.05127240717411041,0.6905083060264587,0.40833622217178345,-0.05371120944619179,0.6827187538146973,0.3635924458503723,-0.05449289828538895
faboulous,0.6894262433052063,0.7283185720443726,5.06016917256602e-08,0.6312167048454285,0.704991340637207,-0.014513139612972736,0.5790419578552246,0.6651555895805359,-0.02878657728433609,0.5485987663269043,0.6294857859611511,-0.04570882394909859,0.5556105375289917,0.5877155661582947,-0.06126490980386734,0.6154869794845581,0.5453781485557556,0.0002849963493645191,0.5864220261573792,0.4982399344444275,-0.02874460257589817,0.5691542029380798,0.5109884738922119,-0.05471237748861313,0.5621720552444458,0.5315377116203308,-0.06889591366052628,0.640920877456665,0.5233582258224487,-0.008816683664917946,0.6177416443824768,0.43798625469207764,-0.026768451556563377,0.5946097373962402,0.389658659696579,-0.044262614101171494,0.5741021633148193,0.3503675162792206,-0.05626988410949707,0.670985996723175,0.5210895538330078,-0.02352996915578842,0.6485352516174316,0.4376735985279083,-0.04166390001773834,0.6290097236633301,0.38390129804611206,-0.05523015558719635,0.6108673214912415,0.3386572003364563,-0.06338562816381454,0.703397274017334,0.5345399379730225,-0.04021954536437988,0.6997445821762085,0.46033015847206116,-0.052013177424669266,0.6941639184951782,0.4108494520187378,-0.05596812814474106,0.6858218908309937,0.3674500286579132,-0.05814255774021149
faboulous,0.6891947388648987,0.7282775640487671,5.1831673175684045e-08,0.6314698457717896,0.7052253484725952,-0.014184419065713882,0.5791758894920349,0.6653873920440674,-0.02829768881201744,0.5495272278785706,0.6288169622421265,-0.045271120965480804,0.5559754967689514,0.5871301293373108,-0.06072014942765236,0.6143925189971924,0.5481631755828857,0.0011685575591400266,0.5865966081619263,0.4994308054447174,-0.02854451723396778,0.5704528093338013,0.5126571655273438,-0.05492638796567917,0.5644044876098633,0.5343950986862183,-0.06899211555719376,0.6393260955810547,0.5258040428161621,-0.0078012337908148766,0.6175488829612732,0.4405117928981781,-0.02568400651216507,0.595528244972229,0.3910890221595764,-0.042622391134500504,0.5761699676513672,0.35091570019721985,-0.05406401678919792,0.6692778468132019,0.5226020812988281,-0.022584620863199234,0.6461236476898193,0.4383971095085144,-0.04030191898345947,0.6270565986633301,0.38488322496414185,-0.052884213626384735,0.609822154045105,0.34027987718582153,-0.0601571761071682,0.7024387121200562,0.5344237685203552,-0.03945089504122734,0.698380172252655,0.45871907472610474,-0.050356343388557434,0.6930232048034668,0.4083966016769409,-0.05354407802224159,0.6855795979499817,0.36439967155456543,-0.0550796203315258
faboulous,0.6891279220581055,0.7278806567192078,6.327518065063487e-08,0.6316619515419006,0.7058027982711792,-0.014879189431667328,0.5789374113082886,0.6657885313034058,-0.029266053810715675,0.5482348799705505,0.6290693283081055,-0.046226292848587036,0.5564962029457092,0.5869916677474976,-0.06162417680025101,0.6151707172393799,0.5476977825164795,0.000704179285094142,0.5884548425674438,0.499806672334671,-0.028155239298939705,0.5715440511703491,0.510991632938385,-0.053838130086660385,0.5639727115631104,0.5308107733726501,-0.06776536256074905,0.6400344967842102,0.5258082747459412,-0.007998665794730186,0.6181537508964539,0.44127023220062256,-0.025879791006445885,0.5953861474990845,0.39243084192276,-0.04282837733626366,0.5751082897186279,0.35294607281684875,-0.05429578945040703,0.6697863340377808,0.5230492353439331,-0.02248900942504406,0.6469100713729858,0.43878617882728577,-0.04057169705629349,0.6275497078895569,0.3854442238807678,-0.05349024385213852,0.6098262071609497,0.34104496240615845,-0.06100672483444214,0.7025099992752075,0.535171627998352,-0.03905719891190529,0.6985230445861816,0.45977503061294556,-0.050669893622398376,0.6931942701339722,0.40959978103637695,-0.054551538079977036,0.6855050325393677,0.3655743896961212,-0.05661245808005333
faboulous,0.6886009573936462,0.7273705005645752,5.8965952121070586e-08,0.6311129331588745,0.7058845162391663,-0.015083571895956993,0.5786435008049011,0.6657238602638245,-0.029607903212308884,0.5480165481567383,0.6286318898200989,-0.04668286070227623,0.5563307404518127,0.5859957337379456,-0.062151309102773666,0.6148247718811035,0.547428548336029,0.0003672780003398657,0.5875102877616882,0.49914786219596863,-0.02900407835841179,0.5708681344985962,0.5115529298782349,-0.05500655621290207,0.5641007423400879,0.5325320959091187,-0.06902772933244705,0.639890730381012,0.5256046652793884,-0.008236353285610676,0.6179683804512024,0.4410761296749115,-0.02616497501730919,0.5951735973358154,0.3925749659538269,-0.04306783154606819,0.5748324990272522,0.3533276319503784,-0.054516177624464035,0.669711709022522,0.5231693983078003,-0.022700967267155647,0.6470396518707275,0.4388107359409332,-0.04084092006087303,0.627643346786499,0.38525402545928955,-0.05385398119688034,0.6098082065582275,0.3402724266052246,-0.06147411838173866,0.702274739742279,0.5357069969177246,-0.039248283952474594,0.698646605014801,0.4602804183959961,-0.05100033059716225,0.6936012506484985,0.41014283895492554,-0.05504147708415985,0.6861459612846375,0.3659071922302246,-0.05721023306250572
faboulous,0.6898139715194702,0.7285923361778259,3.895141986731687e-08,0.6336169242858887,0.7095291018486023,-0.01481302734464407,0.5821298360824585,0.6690798401832581,-0.02899690344929695,0.5508023500442505,0.6331800818443298,-0.04556945338845253,0.5563303232192993,0.5949272513389587,-0.06066068261861801,0.6189878582954407,0.545796811580658,-0.0019914170261472464,0.5902530550956726,0.4969685673713684,-0.03069433383643627,0.5735576152801514,0.51092529296875,-0.05604918673634529,0.5670441389083862,0.5339248180389404,-0.06977050006389618,0.6434506177902222,0.5248966813087463,-0.010455411858856678,0.6199435591697693,0.440400630235672,-0.028145605698227882,0.5972767472267151,0.392377644777298,-0.0446152500808239,0.5771374702453613,0.35371553897857666,-0.05576622858643532,0.6730507016181946,0.5234366059303284,-0.02439228817820549,0.6495774388313293,0.43944376707077026,-0.04221244528889656,0.6299455761909485,0.38604435324668884,-0.05507037043571472,0.6117326021194458,0.34131330251693726,-0.0626651793718338,0.7054065465927124,0.5372835397720337,-0.0403292179107666,0.7012583613395691,0.4616689383983612,-0.05202162638306618,0.6960304379463196,0.41214871406555176,-0.05598919466137886,0.688407838344574,0.3684172034263611,-0.058099474757909775
faboulous,0.6892860531806946,0.7292623519897461,2.873885662779685e-08,0.6336135864257812,0.7093942165374756,-0.01448701974004507,0.5824952125549316,0.6686431169509888,-0.028561262413859367,0.5513062477111816,0.6328704357147217,-0.045332446694374084,0.5559156537055969,0.5953872799873352,-0.06046268343925476,0.6186659336090088,0.5461515188217163,-5.9004851209465414e-05,0.5907842516899109,0.49756482243537903,-0.029422743245959282,0.5749942064285278,0.51401686668396,-0.05560281127691269,0.5692631006240845,0.539225161075592,-0.06963302940130234,0.6426083445549011,0.5254315137863159,-0.008542957715690136,0.6196231842041016,0.44123080372810364,-0.026115838438272476,0.597980797290802,0.39298194646835327,-0.042369380593299866,0.5788124799728394,0.35361939668655396,-0.05327114835381508,0.6720910668373108,0.5237168073654175,-0.022756118327379227,0.6480779647827148,0.43950945138931274,-0.04029272869229317,0.6294432282447815,0.38622933626174927,-0.05223029851913452,0.612311601638794,0.34154027700424194,-0.0589628592133522,0.7050113677978516,0.5369783639907837,-0.039082083851099014,0.7002512216567993,0.46105286478996277,-0.04989616572856903,0.6951987743377686,0.4112165570259094,-0.052820563316345215,0.6881396770477295,0.36713311076164246,-0.05407563969492912
faboulous,0.6893855929374695,0.7290950417518616,2.7339513763990908e-08,0.6337569355964661,0.7093185782432556,-0.014422645792365074,0.5826791524887085,0.6686317324638367,-0.028524082154035568,0.5511568784713745,0.6332037448883057,-0.04535309225320816,0.5557044744491577,0.5955963134765625,-0.060570359230041504,0.6188806891441345,0.5463985204696655,-0.00016063012299127877,0.5905114412307739,0.4979395866394043,-0.029722440987825394,0.5747302174568176,0.5151388645172119,-0.056040968745946884,0.5693719983100891,0.5408744215965271,-0.07011175900697708,0.6427924036979675,0.5256826281547546,-0.008657342754304409,0.6195775866508484,0.4412875473499298,-0.026175854727625847,0.597858726978302,0.3932253122329712,-0.04231508821249008,0.5787421464920044,0.35393965244293213,-0.053148601204156876,0.6722345948219299,0.5240337252616882,-0.022903723642230034,0.6482098698616028,0.43954741954803467,-0.040367744863033295,0.6294165849685669,0.3861576020717621,-0.05227123200893402,0.612197995185852,0.3412707448005676,-0.059000272303819656,0.7050042152404785,0.5373978614807129,-0.03925490751862526,0.7002516388893127,0.46131184697151184,-0.05006245896220207,0.6951123476028442,0.4112944006919861,-0.05299665406346321,0.6879545450210571,0.36692917346954346,-0.05426279082894325
faboulous,0.6894207000732422,0.7291941046714783,2.8897673587380268e-08,0.63374263048172,0.7093379497528076,-0.01437697745859623,0.5826110243797302,0.6686398983001709,-0.02843090519309044,0.5510793328285217,0.6331483125686646,-0.04520357772707939,0.5557401776313782,0.5953788161277771,-0.060362450778484344,0.6188704967498779,0.5464566946029663,-9.737195796333253e-05,0.5907142162322998,0.4978807270526886,-0.0294026006013155,0.5749303102493286,0.5145538449287415,-0.05550567805767059,0.569381058216095,0.5397411584854126,-0.06949859112501144,0.6427881717681885,0.5257618427276611,-0.00862578209489584,0.6196379661560059,0.4413941204547882,-0.026091786101460457,0.5979189276695251,0.39339783787727356,-0.04221198335289955,0.5787806510925293,0.3542073369026184,-0.0530397929251194,0.6721951961517334,0.5241027474403381,-0.022878309711813927,0.6482120752334595,0.43955087661743164,-0.04034474119544029,0.6293973922729492,0.3861440420150757,-0.05230911821126938,0.6121589541435242,0.3412744998931885,-0.05909999459981918,0.7049239873886108,0.5374234914779663,-0.03922148421406746,0.700226902961731,0.46132951974868774,-0.05006646364927292,0.6951295137405396,0.41130900382995605,-0.05308849364519119,0.6880078315734863,0.3669591248035431,-0.054438259452581406
faboulous,0.6895632743835449,0.7269309759140015,5.662375457404778e-08,0.6335527896881104,0.706727147102356,-0.014390400610864162,0.581348717212677,0.6665713787078857,-0.0284122247248888,0.5514709949493408,0.6299105286598206,-0.04502622038125992,0.5604159832000732,0.5910897850990295,-0.060315608978271484,0.6171618700027466,0.5494131445884705,-0.0010976989287883043,0.5892900824546814,0.5026417970657349,-0.030277004465460777,0.5734537839889526,0.514826774597168,-0.05576183646917343,0.5676073431968689,0.5352990031242371,-0.06939010322093964,0.6426065564155579,0.5270541906356812,-0.009963744319975376,0.6214268207550049,0.44089823961257935,-0.028147857636213303,0.5995203256607056,0.3922388553619385,-0.04450787976384163,0.5797428488731384,0.35259267687797546,-0.05522459000349045,0.6728653907775879,0.5241028070449829,-0.024380885064601898,0.6487097144126892,0.43938127160072327,-0.04296495392918587,0.6298632621765137,0.3855145573616028,-0.055339619517326355,0.6127218008041382,0.34011226892471313,-0.06203005835413933,0.7055878639221191,0.5360699892044067,-0.04072974994778633,0.6999978423118591,0.4596567153930664,-0.052344419062137604,0.6950339078903198,0.4092276394367218,-0.05549894645810127,0.6881245374679565,0.3648753762245178,-0.05678066611289978
faboulous,0.6899133324623108,0.7263559103012085,5.424208993076718e-08,0.6336484551429749,0.7070629596710205,-0.014169899746775627,0.5810886025428772,0.6666579842567444,-0.028000814840197563,0.5511017441749573,0.6290391683578491,-0.04440874978899956,0.5604913234710693,0.5896536707878113,-0.059455469250679016,0.6172530651092529,0.5493004322052002,-0.0008636555867269635,0.589011013507843,0.5020081996917725,-0.029996907338500023,0.5732036232948303,0.5142881870269775,-0.05543649569153786,0.567524790763855,0.5350396633148193,-0.06901069730520248,0.6428475975990295,0.5267671346664429,-0.009726922027766705,0.6215035915374756,0.44102513790130615,-0.02772953361272812,0.5997970104217529,0.39256107807159424,-0.043947722762823105,0.5804152488708496,0.3532714247703552,-0.054586827754974365,0.6731549501419067,0.5235942006111145,-0.02413962036371231,0.6489598155021667,0.4391735792160034,-0.042505938559770584,0.6300023794174194,0.3853302001953125,-0.05483168363571167,0.612914502620697,0.33982008695602417,-0.06155279278755188,0.7058990001678467,0.5353420376777649,-0.040468648076057434,0.7000781893730164,0.45911964774131775,-0.051969196647405624,0.6949214935302734,0.40895211696624756,-0.05518312007188797,0.6880030035972595,0.364744633436203,-0.056532420217990875
faboulous,0.6895624399185181,0.7262542247772217,5.303239092313561e-08,0.6333959102630615,0.7072341442108154,-0.014124112203717232,0.580844521522522,0.6667464375495911,-0.027886908501386642,0.5510028600692749,0.6288455724716187,-0.04420484974980354,0.5605503916740417,0.5895960927009583,-0.059162870049476624,0.617182731628418,0.5492088198661804,-0.0009016579715535045,0.5888808965682983,0.5021122694015503,-0.030052829533815384,0.5731528401374817,0.5144391655921936,-0.05546942353248596,0.5676380395889282,0.5352778434753418,-0.06900761276483536,0.6428394317626953,0.5266715884208679,-0.00975802168250084,0.6214087009429932,0.4408862292766571,-0.027822524309158325,0.5997024178504944,0.392478346824646,-0.044013578444719315,0.5803436636924744,0.35335588455200195,-0.054592315107584,0.6731829643249512,0.5234692096710205,-0.024144761264324188,0.649071991443634,0.43909212946891785,-0.042574960738420486,0.630122184753418,0.38525813817977905,-0.05487663671374321,0.613028883934021,0.33977824449539185,-0.0615278035402298,0.7059147953987122,0.5352416038513184,-0.04043589159846306,0.6999770402908325,0.4589677155017853,-0.05196486413478851,0.6947057247161865,0.4088207483291626,-0.05515803024172783,0.6876742839813232,0.3646683692932129,-0.05645895376801491
faboulous,0.689581036567688,0.7263241410255432,5.09658875103014e-08,0.6334312558174133,0.7072321772575378,-0.014124947600066662,0.5809650421142578,0.6667484045028687,-0.027843300253152847,0.5513894557952881,0.628839373588562,-0.04412269592285156,0.5607019066810608,0.5892848968505859,-0.05902610346674919,0.6171483993530273,0.5492013692855835,-0.0008670563111081719,0.5888716578483582,0.501796543598175,-0.029982227832078934,0.5730456113815308,0.5140615105628967,-0.055399805307388306,0.5673767924308777,0.5348700881004333,-0.06895259022712708,0.6427212357521057,0.5266851782798767,-0.009710738435387611,0.6213782429695129,0.4409955143928528,-0.027699487283825874,0.5996964573860168,0.3925718665122986,-0.04386502131819725,0.5803453922271729,0.35341304540634155,-0.0544552281498909,0.673008382320404,0.5235127210617065,-0.02409547008574009,0.6488757133483887,0.43914103507995605,-0.042461786419153214,0.6299391388893127,0.3853703439235687,-0.054757799953222275,0.6128673553466797,0.3399590849876404,-0.061444833874702454,0.7057658433914185,0.5352480411529541,-0.040394376963377,0.6999739408493042,0.45904770493507385,-0.05193697661161423,0.6948227286338806,0.40896403789520264,-0.05517612397670746,0.6878948211669922,0.36491459608078003,-0.05652311444282532
faboulous,0.6897261142730713,0.7231730222702026,4.732108394023271e-08,0.6331144571304321,0.7044661045074463,-0.014201398007571697,0.5815353989601135,0.6636630296707153,-0.0275379940867424,0.5513516664505005,0.6265314817428589,-0.04336801543831825,0.560043215751648,0.5879467725753784,-0.05778183043003082,0.6194307804107666,0.5450756549835205,0.00024272355949506164,0.5919672250747681,0.4979015290737152,-0.027650924399495125,0.5753359794616699,0.5086562633514404,-0.0526040680706501,0.5685778856277466,0.5280419588088989,-0.0661739930510521,0.64423668384552,0.5237815976142883,-0.00838054995983839,0.6216347217559814,0.4391251802444458,-0.02562256157398224,0.5992728471755981,0.39135754108428955,-0.04153648763895035,0.5799309015274048,0.3530043363571167,-0.05211920291185379,0.6737481355667114,0.5213600993156433,-0.022547652944922447,0.6505944728851318,0.4371139407157898,-0.04007033631205559,0.6313325762748718,0.3841208219528198,-0.05221232771873474,0.6141748428344727,0.3396640717983246,-0.059048205614089966,0.7056413888931274,0.5338093042373657,-0.03870626911520958,0.7005358338356018,0.45800936222076416,-0.0497036911547184,0.6953830122947693,0.40844762325286865,-0.052874255925416946,0.6885570287704468,0.3647952675819397,-0.05436064302921295
faboulous,0.6894529461860657,0.7244203686714172,2.3650772007499654e-08,0.6329283714294434,0.7053993344306946,-0.013472840189933777,0.5813477635383606,0.6637381315231323,-0.026440152898430824,0.5523742437362671,0.6249386668205261,-0.0420881025493145,0.5616557002067566,0.5859295725822449,-0.056199345737695694,0.6189550161361694,0.5459937453269958,0.0009345168946310878,0.5913177132606506,0.4970051050186157,-0.027150453999638557,0.575041651725769,0.5097044110298157,-0.05210503563284874,0.5688152313232422,0.5313016772270203,-0.0655287578701973,0.6439508199691772,0.5244941115379333,-0.007857832126319408,0.6216117739677429,0.4402770400047302,-0.024717487394809723,0.5998620986938477,0.3925160765647888,-0.040226466953754425,0.5810669660568237,0.3542453348636627,-0.05063013732433319,0.6736365556716919,0.5216860175132751,-0.022205209359526634,0.6502819061279297,0.43759071826934814,-0.039114441722631454,0.6312240958213806,0.38419127464294434,-0.0507095567882061,0.6142215728759766,0.33921363949775696,-0.05734000355005264,0.7061110734939575,0.5334785580635071,-0.03855122625827789,0.7008224725723267,0.4576544165611267,-0.049067266285419464,0.6953973174095154,0.4080071747303009,-0.05192558094859123,0.6883199214935303,0.36415159702301025,-0.053249843418598175
