five,0.5679641366004944,0.8858392238616943,7.173327389864426e-07,0.5137683749198914,0.8363496661186218,-0.02872694469988346,0.4846080541610718,0.7563195824623108,-0.047601018100976944,0.5219400525093079,0.7086095213890076,-0.06845199316740036,0.569581925868988,0.6799238324165344,-0.08782917261123657,0.5095953941345215,0.5997880697250366,-0.03158434107899666,0.4933592677116394,0.4817117154598236,-0.05953631550073624,0.48615139722824097,0.40667471289634705,-0.07624946534633636,0.4809309244155884,0.3447241187095642,-0.08695723861455917,0.5636907815933228,0.6009511947631836,-0.040680933743715286,0.5736923813819885,0.4711381793022156,-0.06887950748205185,0.5757891535758972,0.3865851163864136,-0.08713994175195694,0.5785303115844727,0.3174339830875397,-0.09666220843791962,0.60841965675354,0.6355635523796082,-0.053301628679037094,0.5973089337348938,0.5929319858551025,-0.09071443229913712,0.5743681788444519,0.6516087651252747,-0.09822168946266174,0.5630103349685669,0.696739912033081,-0.0929492637515068,0.6431830525398254,0.6875779628753662,-0.06873048841953278,0.6275146007537842,0.6722882986068726,-0.09663394093513489,0.60091233253479,0.7150848507881165,-0.09631172567605972,0.5850895643234253,0.7504401206970215,-0.08940571546554565
five,0.5673046112060547,0.8856532573699951,6.865835189273639e-07,0.5137054324150085,0.8359229564666748,-0.02835942804813385,0.48377230763435364,0.7564972639083862,-0.04664318263530731,0.5189537405967712,0.7093824148178101,-0.06674499809741974,0.566277027130127,0.6786434054374695,-0.08545375615358353,0.5088536143302917,0.5996123552322388,-0.030810877680778503,0.4919253885746002,0.48164188861846924,-0.05822513997554779,0.48468828201293945,0.407012403011322,-0.07445920258760452,0.4801080822944641,0.3455193042755127,-0.08466527611017227,0.563107430934906,0.6008078455924988,-0.039566770195961,0.5718671679496765,0.4727400541305542,-0.06668264418840408,0.5735564827919006,0.38933122158050537,-0.0846610888838768,0.5759876370429993,0.32167521119117737,-0.09412200003862381,0.607943594455719,0.6346896886825562,-0.05181961506605148,0.5961499214172363,0.5949137210845947,-0.08818221837282181,0.5727265477180481,0.650227963924408,-0.09681085497140884,0.560517430305481,0.6931368708610535,-0.09283503144979477,0.642293393611908,0.6858267784118652,-0.06678643077611923,0.6248717308044434,0.675903856754303,-0.0943068265914917,0.5977396965026855,0.7192481160163879,-0.09494618326425552,0.5815191268920898,0.7546518445014954,-0.08899494260549545
five,0.5673242807388306,0.885634183883667,6.916044981153391e-07,0.513199508190155,0.8361930847167969,-0.02806173823773861,0.48311686515808105,0.7565634846687317,-0.046501148492097855,0.5187634825706482,0.7085521817207336,-0.06683669239282608,0.5664048790931702,0.6779389977455139,-0.08572497218847275,0.5084908604621887,0.6003190875053406,-0.031035419553518295,0.4920244812965393,0.481436550617218,-0.05862727388739586,0.4850878119468689,0.40637385845184326,-0.07504985481500626,0.48053595423698425,0.34488701820373535,-0.0854044109582901,0.5627665519714355,0.601011335849762,-0.03994901478290558,0.5716298818588257,0.47254276275634766,-0.06735790520906448,0.5734975934028625,0.38838672637939453,-0.08553138375282288,0.5760967135429382,0.3207016885280609,-0.09512262791395187,0.6075769066810608,0.6344268918037415,-0.052287787199020386,0.5950464606285095,0.5941402316093445,-0.08841969817876816,0.5716899037361145,0.6492640376091003,-0.09678832441568375,0.5599102973937988,0.6925933361053467,-0.09267615526914597,0.641951858997345,0.6850650906562805,-0.0673491358757019,0.6224091649055481,0.6741116046905518,-0.09469392895698547,0.5947319865226746,0.7165483236312866,-0.0952271968126297,0.5784188508987427,0.7518035173416138,-0.08918051421642303
five,0.5674108862876892,0.8858463764190674,6.868446575936105e-07,0.5131458044052124,0.8366307616233826,-0.027887262403964996,0.48312652111053467,0.7566512227058411,-0.04596676304936409,0.5190253853797913,0.7084356546401978,-0.06593342870473862,0.5665766000747681,0.6778762340545654,-0.08452372252941132,0.5081677436828613,0.6006407141685486,-0.030585527420043945,0.49209174513816833,0.48211508989334106,-0.05773082748055458,0.48504358530044556,0.4072948098182678,-0.07385223358869553,0.48026043176651,0.34593307971954346,-0.08406031131744385,0.5624655485153198,0.6009059548377991,-0.03940286487340927,0.5714768171310425,0.4722733497619629,-0.06622049957513809,0.5734555721282959,0.3880545496940613,-0.08406825363636017,0.5761585235595703,0.3203302025794983,-0.09351588785648346,0.6073158383369446,0.6340472102165222,-0.051637161523103714,0.5951765179634094,0.5930564999580383,-0.08738754689693451,0.5717608332633972,0.647921621799469,-0.09593871980905533,0.5599426031112671,0.6914122104644775,-0.09205347299575806,0.6418434977531433,0.6844037771224976,-0.0665665790438652,0.622001588344574,0.6744685173034668,-0.09387475997209549,0.5943085551261902,0.7168172001838684,-0.09472379833459854,0.5780662894248962,0.7521129846572876,-0.08894334733486176
five,0.5677074193954468,0.8825848698616028,7.16784086307598e-07,0.5128694772720337,0.8325307965278625,-0.027256786823272705,0.4833018481731415,0.7547165751457214,-0.04598288610577583,0.5183597803115845,0.7080258131027222,-0.06704314798116684,0.5645511150360107,0.6791396141052246,-0.08673381060361862,0.5082956552505493,0.598809003829956,-0.029973721131682396,0.4918998181819916,0.48122742772102356,-0.05756433308124542,0.484964519739151,0.4065554738044739,-0.07422076910734177,0.48007214069366455,0.3454018831253052,-0.08474394679069519,0.5622871518135071,0.5998827219009399,-0.039893876761198044,0.5716173648834229,0.4702528119087219,-0.0677294060587883,0.5735626816749573,0.38534224033355713,-0.08623158186674118,0.5765804052352905,0.31723499298095703,-0.0959630161523819,0.6069954037666321,0.6343424916267395,-0.053195685148239136,0.5944438576698303,0.5892373323440552,-0.09008391201496124,0.571428120136261,0.6463910937309265,-0.09717901796102524,0.5606152415275574,0.6914181113243103,-0.09164806455373764,0.6414819955825806,0.6861879229545593,-0.06911158561706543,0.6229408383369446,0.6655659675598145,-0.09601806104183197,0.5965847969055176,0.7077832221984863,-0.09429718554019928,0.5816888213157654,0.7444846034049988,-0.08642952889204025
five,0.567797064781189,0.8824281692504883,7.108601494110189e-07,0.5131251215934753,0.8331438899040222,-0.02732831798493862,0.4836294651031494,0.755363941192627,-0.04593627154827118,0.5188000202178955,0.7076150178909302,-0.0667959675192833,0.5645004510879517,0.6775556206703186,-0.0862230733036995,0.5080577731132507,0.5981838703155518,-0.029602430760860443,0.4916078448295593,0.48086902499198914,-0.056890152394771576,0.4845045804977417,0.4064466953277588,-0.07338175177574158,0.4793746769428253,0.3454568386077881,-0.08382636308670044,0.5619969964027405,0.599268913269043,-0.039281927049160004,0.5716335773468018,0.4697023034095764,-0.06681547313928604,0.5735247135162354,0.38493677973747253,-0.08516540378332138,0.5762232542037964,0.3166569173336029,-0.09480451792478561,0.6067060232162476,0.6335746645927429,-0.052371639758348465,0.5938997268676758,0.5889637470245361,-0.08898427337408066,0.5706746578216553,0.6454899311065674,-0.09629171341657639,0.5595415830612183,0.6899339556694031,-0.091005839407444,0.641196072101593,0.6851495504379272,-0.06808333098888397,0.6223426461219788,0.665380597114563,-0.09485620260238647,0.5954172015190125,0.707027018070221,-0.0934964045882225,0.5800224542617798,0.7428141236305237,-0.08596658706665039
five,0.5676793456077576,0.8826469779014587,7.074784207361517e-07,0.5131023526191711,0.8331586718559265,-0.027311716228723526,0.4836081862449646,0.7553625106811523,-0.04585135355591774,0.5187574028968811,0.7077471613883972,-0.06660774350166321,0.564428985118866,0.6773443222045898,-0.08597038686275482,0.5080872774124146,0.5982242822647095,-0.029541267082095146,0.4914611279964447,0.4808829426765442,-0.0567358061671257,0.4842812120914459,0.406442791223526,-0.0731983408331871,0.47912225127220154,0.3453197777271271,-0.08361905813217163,0.561935305595398,0.5994619727134705,-0.03918228670954704,0.5714614391326904,0.4695950448513031,-0.06647615134716034,0.5733506083488464,0.3850179612636566,-0.08473565429449081,0.5760125517845154,0.3167109489440918,-0.09439432621002197,0.6065948605537415,0.6338562369346619,-0.052243925631046295,0.593976616859436,0.5885364413261414,-0.0888715609908104,0.5707637071609497,0.6446061134338379,-0.09641368687152863,0.5594193935394287,0.6887298822402954,-0.09134633839130402,0.6410650014877319,0.6854283213615417,-0.0678882971405983,0.6229501366615295,0.6644654273986816,-0.0948026105761528,0.5960261821746826,0.7060953974723816,-0.09354110807180405,0.5803427696228027,0.7420348525047302,-0.08612223714590073
five,0.5670009851455688,0.8835445046424866,6.932407359272474e-07,0.5128768682479858,0.833348274230957,-0.02755284681916237,0.4836609661579132,0.7546750903129578,-0.04625436291098595,0.5168023109436035,0.7045222520828247,-0.06701425462961197,0.5624775886535645,0.6746138334274292,-0.08636841922998428,0.507527232170105,0.5988569259643555,-0.030349379405379295,0.491413414478302,0.4810188114643097,-0.057658445090055466,0.4846702218055725,0.40658050775527954,-0.07416082918643951,0.48020267486572266,0.3461157977581024,-0.08462278544902802,0.5619407892227173,0.6002143621444702,-0.03996169939637184,0.5725690722465515,0.47191452980041504,-0.06703381985425949,0.5739642977714539,0.3885066509246826,-0.08498793095350266,0.5755800604820251,0.322649210691452,-0.09448429942131042,0.6068301200866699,0.634667694568634,-0.05296570062637329,0.5959076881408691,0.589485228061676,-0.08828148990869522,0.5722711086273193,0.6408694982528687,-0.09582234174013138,0.5600064992904663,0.6822277903556824,-0.09162195026874542,0.6408528089523315,0.6865842342376709,-0.06869255751371384,0.6234146952629089,0.6719308495521545,-0.09473778307437897,0.5956802368164062,0.7130393385887146,-0.09392591565847397,0.5794656276702881,0.7477465867996216,-0.0873093456029892
five,0.5670272707939148,0.8827376365661621,7.082546744641149e-07,0.512717068195343,0.8329060077667236,-0.02766766957938671,0.4835430681705475,0.7543548941612244,-0.04653703793883324,0.5175225734710693,0.704198956489563,-0.06749249994754791,0.5633242130279541,0.6747713088989258,-0.08705092966556549,0.5078441500663757,0.5994913578033447,-0.030843384563922882,0.49207037687301636,0.4821546673774719,-0.05822286382317543,0.4851624071598053,0.408196359872818,-0.07462738454341888,0.48052939772605896,0.3478220999240875,-0.085012286901474,0.5621910691261292,0.6002293229103088,-0.040503766387701035,0.5727745294570923,0.4713480472564697,-0.0679364800453186,0.5745211839675903,0.38703447580337524,-0.08598930388689041,0.5766544342041016,0.3205411732196808,-0.09536980092525482,0.6070630550384521,0.6343674659729004,-0.05351123586297035,0.5958836078643799,0.5905305743217468,-0.08921129256486893,0.5720037221908569,0.6429550051689148,-0.09661636501550674,0.5597354173660278,0.6848815679550171,-0.09206701070070267,0.6412511467933655,0.6862621307373047,-0.0692504271864891,0.6239151358604431,0.6717091202735901,-0.09540870785713196,0.5965048670768738,0.7134366035461426,-0.09435084462165833,0.580666720867157,0.7485061883926392,-0.08741193264722824
five,0.5661448836326599,0.8789334893226624,6.400799179573369e-07,0.5065357089042664,0.8308576345443726,-0.022571681067347527,0.47258126735687256,0.7550228834152222,-0.040539663285017014,0.48320451378822327,0.6927751302719116,-0.06115303933620453,0.49909356236457825,0.6452885866165161,-0.08035113662481308,0.5028303265571594,0.6023272275924683,-0.027702579274773598,0.48950427770614624,0.4852582514286041,-0.05360932648181915,0.4836529493331909,0.41473862528800964,-0.0704970508813858,0.48026129603385925,0.35718899965286255,-0.0810760110616684,0.5592166185379028,0.603682279586792,-0.03885935992002487,0.573700487613678,0.47258812189102173,-0.06446632742881775,0.576053261756897,0.38702666759490967,-0.08244030922651291,0.5770487189292908,0.32436224818229675,-0.09255269169807434,0.6053082346916199,0.6355305314064026,-0.05301468446850777,0.583713173866272,0.5710224509239197,-0.08487023413181305,0.5579357743263245,0.600256621837616,-0.09177234023809433,0.5436720252037048,0.6312382221221924,-0.08862412720918655,0.6389374136924744,0.6837913990020752,-0.06930357962846756,0.6102195978164673,0.6346473693847656,-0.0923445075750351,0.5805333852767944,0.6445779204368591,-0.09050580114126205,0.5618881583213806,0.6627105474472046,-0.08403804898262024
five,0.5659234523773193,0.8757410049438477,6.586047334167233e-07,0.5065539479255676,0.8298122882843018,-0.02303476445376873,0.4720793068408966,0.7533901929855347,-0.04088722541928291,0.4816923141479492,0.6906964182853699,-0.06121917441487312,0.49854493141174316,0.6411163210868835,-0.0798712894320488,0.5045363306999207,0.6003490686416626,-0.02649380825459957,0.49110671877861023,0.4842257499694824,-0.05104789882898331,0.48511770367622375,0.41490989923477173,-0.06660068780183792,0.4821629226207733,0.35765817761421204,-0.07619377225637436,0.5601078867912292,0.601672351360321,-0.037290945649147034,0.5740930438041687,0.47049856185913086,-0.06105053424835205,0.5772066116333008,0.38647186756134033,-0.07689234614372253,0.5787732601165771,0.32388076186180115,-0.08534358441829681,0.6060211658477783,0.6334446668624878,-0.05137893930077553,0.580314040184021,0.5708118081092834,-0.0827631726861,0.5553628206253052,0.6038680076599121,-0.08860419690608978,0.5437095165252686,0.6364980340003967,-0.08434371650218964,0.6389763355255127,0.6815494894981384,-0.06767904758453369,0.6085596084594727,0.6311026811599731,-0.09035684913396835,0.5794385671615601,0.6431302428245544,-0.0878673866391182,0.5628702044487,0.6618987321853638,-0.08081503957509995
five,0.5654058456420898,0.8752426505088806,6.433319299503637e-07,0.5063762664794922,0.8294520974159241,-0.02229587733745575,0.4721278250217438,0.7523079514503479,-0.03951636701822281,0.4823908805847168,0.689471960067749,-0.05941852554678917,0.4993166923522949,0.6406769752502441,-0.07770157605409622,0.5040261745452881,0.6000454425811768,-0.025633981451392174,0.49052897095680237,0.48426300287246704,-0.04991459473967552,0.4845391511917114,0.41493454575538635,-0.06537622213363647,0.4817374348640442,0.35776087641716003,-0.07502995431423187,0.5595822930335999,0.6010689735412598,-0.03673800453543663,0.5736227035522461,0.47069793939590454,-0.060425497591495514,0.5767951607704163,0.3865320682525635,-0.07642257958650589,0.578765869140625,0.3236338794231415,-0.0850888043642044,0.6054548025131226,0.6327677369117737,-0.05104035511612892,0.5799124240875244,0.5683375000953674,-0.08218485862016678,0.5540122389793396,0.6018011569976807,-0.0878646969795227,0.5416764616966248,0.6347697973251343,-0.08361461758613586,0.6388509273529053,0.680942714214325,-0.0675211176276207,0.6083338856697083,0.6293857097625732,-0.09013886749744415,0.5788465738296509,0.6412980556488037,-0.08764495700597763,0.5622167587280273,0.6601080298423767,-0.08064025640487671
five,0.5653561353683472,0.8750854730606079,6.454274625866674e-07,0.5063826441764832,0.8294460773468018,-0.022360604256391525,0.4721549153327942,0.7524135112762451,-0.03961971402168274,0.4824396073818207,0.6897116303443909,-0.059537868946790695,0.4992762804031372,0.6408951282501221,-0.07783658057451248,0.5039263367652893,0.6001336574554443,-0.025709420442581177,0.49055787920951843,0.48443377017974854,-0.050075288861989975,0.48454180359840393,0.415052592754364,-0.06559385359287262,0.4817073345184326,0.35788702964782715,-0.07526286691427231,0.5595350861549377,0.6011661291122437,-0.03682291507720947,0.5734854936599731,0.47079676389694214,-0.060595471411943436,0.5766952037811279,0.38655367493629456,-0.07664864510297775,0.5787882804870605,0.32354357838630676,-0.08531934022903442,0.605470597743988,0.6329204440116882,-0.05113959684967995,0.5798993110656738,0.5688403248786926,-0.08235511183738708,0.554096519947052,0.6022781133651733,-0.0880274623632431,0.5419564843177795,0.6350404620170593,-0.0837419182062149,0.6388781070709229,0.6811658143997192,-0.06763512641191483,0.6083453893661499,0.6297799944877625,-0.09028131514787674,0.5789514780044556,0.6417205333709717,-0.08771687000989914,0.5625346899032593,0.660420298576355,-0.08063597232103348
five,0.5584521293640137,0.8750614523887634,5.471809458867938e-07,0.4882046580314636,0.8192518949508667,-0.027710868045687675,0.4382450580596924,0.7202491164207458,-0.040988825261592865,0.4042336344718933,0.6422969102859497,-0.05255529284477234,0.37645071744918823,0.5783972144126892,-0.0636785551905632,0.49913474917411804,0.5912820100784302,-0.020628543570637703,0.4818551242351532,0.47869426012039185,-0.04249949008226395,0.4727602005004883,0.40943610668182373,-0.06091117113828659,0.4682773947715759,0.35158684849739075,-0.07432112097740173,0.5505619645118713,0.5880210399627686,-0.025869129225611687,0.5596255660057068,0.4640071988105774,-0.04315371811389923,0.5630999207496643,0.38225650787353516,-0.060500964522361755,0.5649560689926147,0.31746238470077515,-0.07360798120498657,0.596186101436615,0.6091665029525757,-0.03580690920352936,0.6105372905731201,0.5006512999534607,-0.055866215378046036,0.6136668920516968,0.4298904538154602,-0.07132655382156372,0.6135967373847961,0.3700234293937683,-0.08262667059898376,0.6359474658966064,0.6496016383171082,-0.048436835408210754,0.667573869228363,0.5726141929626465,-0.06768441945314407,0.6867575645446777,0.5198138356208801,-0.07631850987672806,0.7015794515609741,0.47197848558425903,-0.08205027133226395
five,0.5638541579246521,0.8724887371063232,5.254059942672029e-07,0.49180248379707336,0.8208544254302979,-0.026723826304078102,0.43894800543785095,0.7265781760215759,-0.03961744159460068,0.39944592118263245,0.6520587801933289,-0.05140082538127899,0.36021631956100464,0.5989523530006409,-0.06327672302722931,0.4995324909687042,0.5904842615127563,-0.017514357343316078,0.47648707032203674,0.47946447134017944,-0.03773593157529831,0.4656918942928314,0.4089263677597046,-0.0552239827811718,0.46103549003601074,0.34928813576698303,-0.06884765625,0.5513724088668823,0.5830849409103394,-0.024135729297995567,0.554895281791687,0.4593247175216675,-0.04077966883778572,0.5576735734939575,0.3789553940296173,-0.05781729146838188,0.5599948167800903,0.3136802911758423,-0.07122046500444412,0.5978466868400574,0.6024620532989502,-0.035646531730890274,0.6095266938209534,0.48929309844970703,-0.057617221027612686,0.613091766834259,0.4182191491127014,-0.0744316428899765,0.6145545840263367,0.3544589877128601,-0.08689940720796585,0.6387731432914734,0.6419039964675903,-0.04962143674492836,0.6728681921958923,0.5673785209655762,-0.07100214809179306,0.6953076124191284,0.5149078965187073,-0.08127069473266602,0.7136658430099487,0.4635927081108093,-0.08865079283714294
five,0.5640509128570557,0.8741984367370605,5.097305688650522e-07,0.49127379059791565,0.8211576342582703,-0.02627491019666195,0.4384908080101013,0.725974977016449,-0.038778603076934814,0.3986327052116394,0.6513727903366089,-0.050267238169908524,0.3592463731765747,0.5980364084243774,-0.061855774372816086,0.5000486373901367,0.5907650589942932,-0.016415901482105255,0.4769729673862457,0.4798801839351654,-0.036589499562978745,0.4661708176136017,0.40986156463623047,-0.05401904508471489,0.46207278966903687,0.35056382417678833,-0.06753770262002945,0.5519633889198303,0.5836151838302612,-0.023141292855143547,0.5558053851127625,0.46046051383018494,-0.0396101139485836,0.5580419898033142,0.3805377781391144,-0.05656619369983673,0.5598788857460022,0.3152177333831787,-0.06984874606132507,0.5981646180152893,0.6025317311286926,-0.034810870885849,0.6109069585800171,0.4889981150627136,-0.05640774592757225,0.6150225400924683,0.41702279448509216,-0.0729382112622261,0.6166152954101562,0.3524845540523529,-0.08521454781293869,0.6385456323623657,0.6413393020629883,-0.04893224686384201,0.6726517677307129,0.5667617321014404,-0.06979906558990479,0.694922685623169,0.5137580633163452,-0.07972505688667297,0.7129383087158203,0.4621763229370117,-0.08687738329172134
five,0.5652997493743896,0.8738307356834412,5.167920562598738e-07,0.4918518662452698,0.8208659887313843,-0.026654571294784546,0.4385005831718445,0.7259533405303955,-0.03919176384806633,0.3985391855239868,0.6510751843452454,-0.05065254122018814,0.3589678406715393,0.5975058674812317,-0.06217742711305618,0.4998268187046051,0.5900239944458008,-0.016221193596720695,0.4767007529735565,0.4790036082267761,-0.036235373467206955,0.46613961458206177,0.409151554107666,-0.05363648384809494,0.4621371924877167,0.349892795085907,-0.06716786324977875,0.5519912242889404,0.5829154253005981,-0.022699235007166862,0.5556129217147827,0.45974791049957275,-0.03900730237364769,0.5578933954238892,0.38011494278907776,-0.05593161657452583,0.5598083138465881,0.3148711621761322,-0.0692354217171669,0.598442554473877,0.6020548939704895,-0.03419269993901253,0.6107230186462402,0.48858070373535156,-0.05574191361665726,0.6145007610321045,0.4168052077293396,-0.07229380309581757,0.6159763336181641,0.3523590564727783,-0.08461925387382507,0.6391732692718506,0.6410803198814392,-0.04818426072597504,0.6728837490081787,0.5668207406997681,-0.06912599503993988,0.6948094367980957,0.5140351057052612,-0.0791158601641655,0.7126653790473938,0.46238163113594055,-0.08631276339292526
five,0.5673065781593323,0.8746768832206726,4.960965611644497e-07,0.4941879212856293,0.8215930461883545,-0.025496341288089752,0.44070398807525635,0.7263311147689819,-0.03762739896774292,0.4004833698272705,0.6517911553382874,-0.04908069595694542,0.3597409427165985,0.5997318625450134,-0.06078719720244408,0.5023172497749329,0.5912638902664185,-0.015488634817302227,0.4747062623500824,0.4826202392578125,-0.035768263041973114,0.4613623023033142,0.4129660427570343,-0.05348803102970123,0.4551008939743042,0.3533770740032196,-0.06732895970344543,0.5542378425598145,0.5824970602989197,-0.022690868005156517,0.5558754205703735,0.4594717025756836,-0.03938336670398712,0.556950569152832,0.3790024518966675,-0.05649598687887192,0.5575582385063171,0.3134837746620178,-0.06986582279205322,0.6009107232093811,0.6008545160293579,-0.03487144410610199,0.6137344241142273,0.4887439012527466,-0.05682981386780739,0.6174755096435547,0.41688430309295654,-0.07368305325508118,0.6184468269348145,0.3524809181690216,-0.08603699505329132,0.6419200897216797,0.6397583484649658,-0.049471497535705566,0.6779188513755798,0.5646249055862427,-0.07050612568855286,0.7007344365119934,0.5107383728027344,-0.0807081013917923,0.718663215637207,0.45819801092147827,-0.08807139843702316
five,0.5660186409950256,0.8751505017280579,5.045404805059661e-07,0.4942018389701843,0.8228397965431213,-0.02543390914797783,0.4410618543624878,0.7257915139198303,-0.0372382253408432,0.4012523591518402,0.6514068245887756,-0.04828614369034767,0.36083489656448364,0.6006673574447632,-0.05966992303729057,0.500952959060669,0.5921286940574646,-0.016138652339577675,0.4748727083206177,0.483276903629303,-0.03643399104475975,0.4619626998901367,0.4128122329711914,-0.05395359918475151,0.4559304714202881,0.3530662953853607,-0.06765276938676834,0.5527040958404541,0.5833523869514465,-0.02343488298356533,0.5550694465637207,0.4593963623046875,-0.040235891938209534,0.5568799376487732,0.3785433769226074,-0.0573296844959259,0.5583664774894714,0.3130820393562317,-0.07063900679349899,0.5994940400123596,0.6017827987670898,-0.035599227994680405,0.6116594076156616,0.48822420835494995,-0.05775598809123039,0.6157768964767456,0.4155108332633972,-0.07486911118030548,0.6174706816673279,0.3505408763885498,-0.08743669092655182,0.6407254338264465,0.6408029794692993,-0.050115376710891724,0.6764082908630371,0.56502765417099,-0.07117461413145065,0.7001657485961914,0.5112407207489014,-0.08140673488378525,0.7192165851593018,0.4593936800956726,-0.0888705924153328
five,0.5683337450027466,0.8711983561515808,4.944384954796988e-07,0.4960388243198395,0.8195326328277588,-0.024070248007774353,0.4427151083946228,0.7235856056213379,-0.034974224865436554,0.40239787101745605,0.6506738066673279,-0.045413993299007416,0.36206454038619995,0.6014273166656494,-0.056209366768598557,0.5012832880020142,0.5894055962562561,-0.013772580772638321,0.4726540744304657,0.48151981830596924,-0.03266504779458046,0.4589771032333374,0.4123017191886902,-0.0493769496679306,0.45262107253074646,0.3533484637737274,-0.06261830031871796,0.5534617900848389,0.5792715549468994,-0.021502474322915077,0.5526827573776245,0.4556020498275757,-0.03697337210178375,0.5528435707092285,0.3752550184726715,-0.05368676781654358,0.5531280040740967,0.31086134910583496,-0.06687768548727036,0.6008708477020264,0.5972897410392761,-0.03404448181390762,0.612196683883667,0.4845169186592102,-0.05530524626374245,0.6160199642181396,0.41243481636047363,-0.07268334925174713,0.617487907409668,0.3479391634464264,-0.08557550609111786,0.6424121856689453,0.6361836791038513,-0.04881105199456215,0.6783188581466675,0.5611642599105835,-0.06943771988153458,0.7021787762641907,0.5076612234115601,-0.07989348471164703,0.7213907241821289,0.455815851688385,-0.08757563680410385
five,0.5677703619003296,0.8718941807746887,4.91300397698069e-07,0.49577897787094116,0.8198257088661194,-0.02418864518404007,0.4427640736103058,0.7237563133239746,-0.035216961055994034,0.4021700918674469,0.6512637734413147,-0.04574209079146385,0.3617958426475525,0.6006650328636169,-0.05659214407205582,0.5010910630226135,0.5905649065971375,-0.014133034273982048,0.4729250967502594,0.48184454441070557,-0.03354917839169502,0.45913851261138916,0.4118838310241699,-0.05047085881233215,0.452548623085022,0.3529931306838989,-0.06366699188947678,0.5530363917350769,0.580979585647583,-0.021761389449238777,0.5531182289123535,0.45694589614868164,-0.03758763149380684,0.5533613562583923,0.3757878839969635,-0.05437842383980751,0.5533760786056519,0.3112591803073883,-0.06747107207775116,0.6001226902008057,0.5987483263015747,-0.034234803169965744,0.6123440861701965,0.48543214797973633,-0.055514704436063766,0.617050290107727,0.41218918561935425,-0.07283005118370056,0.6188542246818542,0.34722405672073364,-0.08562096953392029,0.6413052082061768,0.6370059251785278,-0.04894297197461128,0.6775680184364319,0.5617892742156982,-0.06944288313388824,0.7016955614089966,0.5079470872879028,-0.07977500557899475,0.7207530736923218,0.45643651485443115,-0.08733489364385605
five,0.568001389503479,0.8714468479156494,4.942772875438095e-07,0.4957858622074127,0.8198568820953369,-0.023985212668776512,0.44283783435821533,0.7239105105400085,-0.034825440496206284,0.40239858627319336,0.6513695120811462,-0.04522021487355232,0.36221203207969666,0.6012720465660095,-0.05593583360314369,0.5011230707168579,0.590273380279541,-0.013684586621820927,0.4730706512928009,0.4815291166305542,-0.03268323093652725,0.45942121744155884,0.41170769929885864,-0.04936159774661064,0.45301738381385803,0.3528742492198944,-0.06247592344880104,0.553043782711029,0.5805596113204956,-0.021344220265746117,0.5528226494789124,0.45646464824676514,-0.03679883852601051,0.5529707670211792,0.3755253553390503,-0.05338644981384277,0.5529811382293701,0.3113084137439728,-0.06643053144216537,0.6002882719039917,0.5982818603515625,-0.033842336386442184,0.6121965646743774,0.4847368597984314,-0.05486243590712547,0.616595447063446,0.41197365522384644,-0.07210059463977814,0.6182520985603333,0.347465455532074,-0.08492383360862732,0.6417043209075928,0.6364836692810059,-0.04858269914984703,0.6779738664627075,0.5611923336982727,-0.06900584697723389,0.7020082473754883,0.5074288249015808,-0.07943722605705261,0.7210956811904907,0.4559226632118225,-0.08711927384138107
five,0.5677328705787659,0.8697477579116821,4.761782008699811e-07,0.4961353540420532,0.8168696165084839,-0.023807736113667488,0.4437319338321686,0.7208932042121887,-0.034543026238679886,0.4038088321685791,0.6483447551727295,-0.04485029727220535,0.36354970932006836,0.5987540483474731,-0.05562185123562813,0.5033160448074341,0.5885129570960999,-0.014369282871484756,0.4755452275276184,0.4802132844924927,-0.03367101401090622,0.4617006182670593,0.4111948013305664,-0.05065089464187622,0.45489710569381714,0.35214319825172424,-0.06405554711818695,0.5553473234176636,0.5787968039512634,-0.022009985521435738,0.5545555949211121,0.4553406238555908,-0.037720952183008194,0.554000198841095,0.3750503659248352,-0.05456090718507767,0.5531843900680542,0.3106245994567871,-0.067905493080616,0.6025594472885132,0.5968967080116272,-0.03439616411924362,0.6151247024536133,0.4848577380180359,-0.05565588176250458,0.6200013160705566,0.41261953115463257,-0.07310374826192856,0.6216831207275391,0.34830471873283386,-0.0860806405544281,0.643891453742981,0.6356338262557983,-0.04898206144571304,0.680722713470459,0.5604770183563232,-0.06967584043741226,0.7045537829399109,0.507079541683197,-0.080274298787117,0.7231337428092957,0.45552879571914673,-0.0880868211388588
five,0.5672873258590698,0.8706092834472656,4.829623208024714e-07,0.496293842792511,0.8182995319366455,-0.02425740472972393,0.4439663290977478,0.7218596935272217,-0.03514689952135086,0.40375691652297974,0.6485199928283691,-0.04557570070028305,0.36305081844329834,0.5992593765258789,-0.056481704115867615,0.5021001100540161,0.5890718698501587,-0.014117171056568623,0.4741811752319336,0.480668842792511,-0.03348434716463089,0.46115434169769287,0.4113546311855316,-0.050482362508773804,0.45509907603263855,0.3527351915836334,-0.06379927694797516,0.5544581413269043,0.5791235566139221,-0.02173539623618126,0.5538204312324524,0.4550422430038452,-0.03763134777545929,0.553871214389801,0.37447476387023926,-0.054837439209222794,0.5535847544670105,0.31006425619125366,-0.06826388835906982,0.6018984913825989,0.5968500971794128,-0.03414274752140045,0.6139753460884094,0.48465245962142944,-0.05575517937541008,0.6185364723205566,0.4112282395362854,-0.07384287565946579,0.6203022599220276,0.3458210527896881,-0.0871288850903511,0.6433156728744507,0.6354434490203857,-0.04873163253068924,0.6799614429473877,0.5605243444442749,-0.06956368684768677,0.7045126557350159,0.5071008205413818,-0.08035703003406525,0.7239692211151123,0.4559418261051178,-0.0882435292005539
five,0.5683095455169678,0.8712829947471619,4.68130252784249e-07,0.49675452709198,0.8178250193595886,-0.0236953254789114,0.44480371475219727,0.7201856970787048,-0.03411860018968582,0.40462684631347656,0.6467915773391724,-0.04419493302702904,0.3639494776725769,0.5966609716415405,-0.054690901190042496,0.5044781565666199,0.5887821912765503,-0.01296866126358509,0.4766978621482849,0.4799926280975342,-0.0319678857922554,0.463081032037735,0.4105071723461151,-0.04881542921066284,0.4563586115837097,0.35192936658859253,-0.06207965314388275,0.5563991665840149,0.5795614719390869,-0.02064739540219307,0.5559404492378235,0.45564743876457214,-0.03602764755487442,0.5553206205368042,0.375277042388916,-0.052789829671382904,0.5542806386947632,0.31122249364852905,-0.0659700259566307,0.6033694744110107,0.5977280735969543,-0.03316238895058632,0.6163920760154724,0.48479655385017395,-0.053911734372377396,0.6213756203651428,0.41142505407333374,-0.07122709602117538,0.623103678226471,0.34633076190948486,-0.08416491001844406,0.6443719267845154,0.6363618969917297,-0.047909777611494064,0.681441605091095,0.5617780089378357,-0.06804031133651733,0.7056427597999573,0.5082392692565918,-0.0783909484744072,0.7245973348617554,0.45682600140571594,-0.08606511354446411
five,0.5679808855056763,0.8708823323249817,4.706857055225555e-07,0.49680015444755554,0.817918598651886,-0.02321803942322731,0.44453275203704834,0.720068633556366,-0.033272355794906616,0.4044455885887146,0.6467518210411072,-0.043036721646785736,0.363736093044281,0.5971895456314087,-0.05329678952693939,0.5037015080451965,0.5887598991394043,-0.01261457335203886,0.47594475746154785,0.4797136187553406,-0.031160002574324608,0.4629644453525543,0.41057515144348145,-0.04755309969186783,0.45680877566337585,0.35239145159721375,-0.06053119897842407,0.5558615922927856,0.5795188546180725,-0.020576361566781998,0.5550316572189331,0.4549460709095001,-0.035729363560676575,0.5548684597015381,0.37487536668777466,-0.052534069865942,0.5543622374534607,0.3109848201274872,-0.06576880812644958,0.6030786633491516,0.5976522564888,-0.03328029066324234,0.6155062913894653,0.4843512177467346,-0.05415235832333565,0.6203233003616333,0.41069817543029785,-0.07188847661018372,0.6221939921379089,0.3451727032661438,-0.08514375984668732,0.6442859768867493,0.6363291144371033,-0.048101987689733505,0.6809400916099548,0.5617493987083435,-0.06837929785251617,0.7054647207260132,0.5084433555603027,-0.07891186326742172,0.7248507738113403,0.4573590159416199,-0.08676019310951233
five,0.5698608756065369,0.8705712556838989,4.6037087031436386e-07,0.49780675768852234,0.8172096014022827,-0.023812485858798027,0.44592714309692383,0.7199206352233887,-0.034353625029325485,0.4071727991104126,0.6453807950019836,-0.044465210288763046,0.3674106001853943,0.5946062207221985,-0.05500024929642677,0.5070116519927979,0.5874149799346924,-0.013973373919725418,0.4798484444618225,0.47800883650779724,-0.033157866448163986,0.4663907289505005,0.40859395265579224,-0.05003025755286217,0.4599147439002991,0.3495831787586212,-0.06336574256420135,0.5591801404953003,0.5789804458618164,-0.02164405770599842,0.5594390630722046,0.4555736780166626,-0.03735244646668434,0.5586972236633301,0.375228613615036,-0.054331906139850616,0.557602047920227,0.3106066584587097,-0.0677642896771431,0.606055498123169,0.5980846881866455,-0.034077756106853485,0.6211702227592468,0.48689165711402893,-0.05504653975367546,0.6270760297775269,0.4143482446670532,-0.07233843952417374,0.6294118762016296,0.3497217297554016,-0.08527679741382599,0.6467362642288208,0.6375970840454102,-0.04875106364488602,0.6842747926712036,0.56364905834198,-0.06908223778009415,0.7083714008331299,0.5108522176742554,-0.07941626012325287,0.7271766066551208,0.459872841835022,-0.08707103878259659
five,0.5684223175048828,0.8705814480781555,4.6919865326344734e-07,0.49785101413726807,0.817430853843689,-0.0235595740377903,0.44629305601119995,0.7197998762130737,-0.03401300683617592,0.40765252709388733,0.6460305452346802,-0.04403148964047432,0.3682435154914856,0.5955743789672852,-0.054485905915498734,0.5056549906730652,0.5879362225532532,-0.013928615488111973,0.47852805256843567,0.4785427451133728,-0.03310785070061684,0.4659491777420044,0.40939760208129883,-0.049925386905670166,0.46019479632377625,0.35126563906669617,-0.06306851655244827,0.5580483675003052,0.5791823863983154,-0.021717330440878868,0.5586519837379456,0.45488107204437256,-0.03726287931203842,0.5587409734725952,0.3750322461128235,-0.054239362478256226,0.5582463145256042,0.3112128674983978,-0.06753291934728622,0.6053337454795837,0.5980046391487122,-0.03417424112558365,0.6198986172676086,0.4853214621543884,-0.05489230528473854,0.6258214712142944,0.4121212363243103,-0.07216735184192657,0.6283749938011169,0.34711700677871704,-0.08508466929197311,0.6462560296058655,0.6377432942390442,-0.048808299005031586,0.6836458444595337,0.5633699893951416,-0.06887236982584,0.7082010507583618,0.5102754235267639,-0.07896648347377777,0.727506160736084,0.45949992537498474,-0.08637957274913788
