hello,0.3781415522098541,0.7106672525405884,4.7500518007836945e-07,0.3309328258037567,0.6839969158172607,-0.024022798985242844,0.29562854766845703,0.6290037035942078,-0.04148697480559349,0.28158289194107056,0.5808066129684448,-0.057392418384552,0.28879514336586,0.5476692318916321,-0.07436837255954742,0.3430177569389343,0.5064022541046143,-0.03868236020207405,0.3362480103969574,0.41516757011413574,-0.06565102189779282,0.32753074169158936,0.3568342328071594,-0.08672261983156204,0.3185398280620575,0.3102600872516632,-0.10169907659292221,0.3707784116268158,0.506373405456543,-0.04530203342437744,0.365165114402771,0.404581755399704,-0.07069211453199387,0.35383403301239014,0.33767780661582947,-0.08884021639823914,0.34126684069633484,0.2821488380432129,-0.10070158541202545,0.3998176157474518,0.5231922268867493,-0.0543423667550087,0.39633530378341675,0.4239044785499573,-0.07888145744800568,0.3898429572582245,0.3588330149650574,-0.09333696961402893,0.38266149163246155,0.3033117651939392,-0.10230588912963867,0.42898499965667725,0.5561456680297852,-0.06544094532728195,0.4425196647644043,0.48443716764450073,-0.08833590149879456,0.4486374855041504,0.43465113639831543,-0.0981329008936882,0.4537408649921417,0.38828808069229126,-0.10353551805019379
hello,0.39029568433761597,0.7091339826583862,4.1242338966185343e-07,0.34044602513313293,0.6805912852287292,-0.022400081157684326,0.30315035581588745,0.6233201026916504,-0.04008540138602257,0.2862056791782379,0.5760381817817688,-0.05701078847050667,0.29431387782096863,0.548600435256958,-0.07452311366796494,0.3442418873310089,0.5004885792732239,-0.03386569395661354,0.33867621421813965,0.40717098116874695,-0.05973333865404129,0.33147668838500977,0.34823161363601685,-0.0792832002043724,0.32504379749298096,0.30058372020721436,-0.09289031475782394,0.37326446175575256,0.49839112162590027,-0.040194831788539886,0.3673752248287201,0.39418211579322815,-0.06415154784917831,0.35904112458229065,0.3272789716720581,-0.0816052034497261,0.35145553946495056,0.2713194191455841,-0.09289675951004028,0.40400418639183044,0.5154765248298645,-0.04895637556910515,0.40180325508117676,0.4136829376220703,-0.07197181135416031,0.3959435820579529,0.3508152365684509,-0.08604336529970169,0.39063727855682373,0.2980808615684509,-0.09465377032756805,0.4346221387386322,0.5497778058052063,-0.05957265570759773,0.4508771300315857,0.47635209560394287,-0.07998411357402802,0.45813992619514465,0.42665600776672363,-0.08899610489606857,0.4642443060874939,0.3805805444717407,-0.09381026774644852
hello,0.3900643587112427,0.7122999429702759,4.044063928176911e-07,0.33995404839515686,0.6831589341163635,-0.020596245303750038,0.3027830719947815,0.6228113770484924,-0.03599067032337189,0.2882040739059448,0.5733970403671265,-0.050876885652542114,0.2939530611038208,0.5457762479782104,-0.066604845225811,0.34414052963256836,0.49833354353904724,-0.031020047143101692,0.3384611904621124,0.40408700704574585,-0.055808719247579575,0.3319500684738159,0.3452736735343933,-0.07540232688188553,0.32560649514198303,0.29745566844940186,-0.08947604149580002,0.3736073672771454,0.49738362431526184,-0.038535624742507935,0.3684881925582886,0.3918418884277344,-0.06163191422820091,0.36037594079971313,0.326593816280365,-0.07938037812709808,0.35169318318367004,0.27198243141174316,-0.09136141091585159,0.4043647348880768,0.5150279998779297,-0.04843030497431755,0.40340209007263184,0.41348448395729065,-0.07049331068992615,0.39861392974853516,0.3510756492614746,-0.08452292531728745,0.39303478598594666,0.2978924512863159,-0.09382712841033936,0.43474721908569336,0.5499873161315918,-0.060206763446331024,0.4503784775733948,0.47751128673553467,-0.08012022823095322,0.4570811688899994,0.4285421073436737,-0.08896712958812714,0.4617534577846527,0.38250699639320374,-0.09425079822540283
hello,0.3897762596607208,0.713852047920227,3.8647070255137805e-07,0.33950579166412354,0.6830110549926758,-0.019379545003175735,0.3028971254825592,0.622187077999115,-0.03409316763281822,0.2892194390296936,0.5725776553153992,-0.04866205155849457,0.2958453297615051,0.5453583598136902,-0.0640207976102829,0.3436927795410156,0.49856215715408325,-0.028219733387231827,0.3381830155849457,0.40444105863571167,-0.051831141114234924,0.33193349838256836,0.34673067927360535,-0.07077527791261673,0.32587555050849915,0.29905498027801514,-0.08462589234113693,0.372916579246521,0.49758750200271606,-0.03618204966187477,0.3669082522392273,0.39210453629493713,-0.058337096124887466,0.35890305042266846,0.32755494117736816,-0.0757036879658699,0.35068953037261963,0.27284759283065796,-0.08762131631374359,0.40360745787620544,0.5148617625236511,-0.04652074724435806,0.4023359417915344,0.41314998269081116,-0.067905493080616,0.39757925271987915,0.3518516421318054,-0.08144717663526535,0.3919396996498108,0.2995758652687073,-0.09054403007030487,0.4345094859600067,0.5490132570266724,-0.05871489271521568,0.4496893286705017,0.47693872451782227,-0.07801922410726547,0.4564109146595001,0.4283643960952759,-0.08648322522640228,0.46094879508018494,0.38275766372680664,-0.091636061668396
hello,0.3894844651222229,0.7147094011306763,3.8620194686700415e-07,0.3390870988368988,0.6835929155349731,-0.019359441474080086,0.3020414412021637,0.621954619884491,-0.034059736877679825,0.28853750228881836,0.5713896751403809,-0.048659998923540115,0.2980089485645294,0.5453033447265625,-0.06407839059829712,0.34342631697654724,0.49867933988571167,-0.02788364700973034,0.3381500244140625,0.4046128988265991,-0.05140369012951851,0.3319617211818695,0.34686991572380066,-0.07033044099807739,0.325945109128952,0.2991340160369873,-0.08427170664072037,0.37268728017807007,0.4978078603744507,-0.035873960703611374,0.3668169677257538,0.39240461587905884,-0.05803960561752319,0.3589000999927521,0.32780808210372925,-0.07539304345846176,0.35068413615226746,0.2729080319404602,-0.08733589947223663,0.40343812108039856,0.5151049494743347,-0.04626557603478432,0.4021667540073395,0.41336435079574585,-0.06770113110542297,0.39764660596847534,0.35194218158721924,-0.08126332610845566,0.39213481545448303,0.29958397150039673,-0.0903894305229187,0.43435847759246826,0.5492382645606995,-0.058527395129203796,0.4494309425354004,0.4770779013633728,-0.07785220444202423,0.4562937617301941,0.4283759593963623,-0.08638288080692291,0.4609154462814331,0.38270658254623413,-0.09164133667945862
hello,0.39000752568244934,0.7102836966514587,4.0980799553835823e-07,0.33886268734931946,0.6762010455131531,-0.0191034022718668,0.3023799657821655,0.6139649748802185,-0.03429797291755676,0.28946453332901,0.5628033876419067,-0.049532659351825714,0.30431365966796875,0.5365817546844482,-0.06542201340198517,0.34666159749031067,0.49523353576660156,-0.027636080980300903,0.34264737367630005,0.3999667465686798,-0.05192006006836891,0.33589237928390503,0.33990007638931274,-0.07091519981622696,0.329804390668869,0.29113274812698364,-0.08466443419456482,0.37522032856941223,0.4939778745174408,-0.03584151342511177,0.3708423376083374,0.38684284687042236,-0.0586857944726944,0.36309686303138733,0.3193756341934204,-0.07593938708305359,0.35476717352867126,0.26264381408691406,-0.08749084919691086,0.4052913188934326,0.5104814171791077,-0.04646040499210358,0.4051397442817688,0.4062506854534149,-0.06873316317796707,0.4021267592906952,0.3423764705657959,-0.08202056586742401,0.39788803458213806,0.2877535820007324,-0.09062211960554123,0.43586254119873047,0.5445107817649841,-0.05889942869544029,0.4529274106025696,0.47187745571136475,-0.07873540371656418,0.46092143654823303,0.42233210802078247,-0.08696506172418594,0.46605944633483887,0.3761470317840576,-0.0917414054274559
hello,0.3897067606449127,0.7104058861732483,3.8120589351819945e-07,0.3389124274253845,0.6758201718330383,-0.018835948780179024,0.3017580807209015,0.6127803325653076,-0.033564336597919464,0.2883993089199066,0.5608285665512085,-0.048337239772081375,0.30283892154693604,0.5343442559242249,-0.06360413879156113,0.3464665412902832,0.49451780319213867,-0.026134958490729332,0.341929167509079,0.40004777908325195,-0.04986736550927162,0.33544450998306274,0.341397225856781,-0.06868898868560791,0.32964107394218445,0.2933274507522583,-0.082436203956604,0.3747515380382538,0.49321669340133667,-0.03412645310163498,0.36944445967674255,0.3870905041694641,-0.05665428563952446,0.3621869683265686,0.3210134506225586,-0.07371359318494797,0.3548497259616852,0.26501402258872986,-0.08516745269298553,0.40495890378952026,0.5093609094619751,-0.044627416878938675,0.40471819043159485,0.4064255356788635,-0.06634487211704254,0.40175843238830566,0.3436756134033203,-0.07940654456615448,0.3975409269332886,0.29029250144958496,-0.08790063112974167,0.4360443651676178,0.5426033139228821,-0.056997302919626236,0.4521164000034332,0.47053262591362,-0.07607173919677734,0.4595470130443573,0.4214285612106323,-0.08417940884828568,0.46403294801712036,0.37565457820892334,-0.0890042707324028
hello,0.3894297778606415,0.7101857662200928,3.8492677845169965e-07,0.33862271904945374,0.6754112839698792,-0.01907302625477314,0.30177563428878784,0.6129066348075867,-0.034003909677267075,0.28838086128234863,0.5615348815917969,-0.04895249754190445,0.30240586400032043,0.5346289277076721,-0.06440429389476776,0.34630948305130005,0.49435946345329285,-0.026584722101688385,0.3419288694858551,0.3994901478290558,-0.0505979023873806,0.33564332127571106,0.3405624032020569,-0.06960062682628632,0.3299875259399414,0.29219117760658264,-0.0834055170416832,0.3746348023414612,0.4931963086128235,-0.034524329006671906,0.3697578012943268,0.3869515061378479,-0.05718601495027542,0.36258700489997864,0.32073715329170227,-0.0743761956691742,0.35518911480903625,0.2645523250102997,-0.08592149615287781,0.40479937195777893,0.5094060897827148,-0.044972069561481476,0.40501880645751953,0.40661874413490295,-0.06672206521034241,0.40229344367980957,0.3437870144844055,-0.07980512827634811,0.3981897830963135,0.2902883291244507,-0.08832158148288727,0.43576353788375854,0.5428184866905212,-0.057311106473207474,0.45210501551628113,0.4708946645259857,-0.07638182491064072,0.45952796936035156,0.42178967595100403,-0.08442388474941254,0.4639112949371338,0.37601789832115173,-0.0891808494925499
hello,0.38950392603874207,0.7099493741989136,3.861715072162042e-07,0.3386147618293762,0.6751198172569275,-0.019223107025027275,0.30173978209495544,0.6126744747161865,-0.03429362177848816,0.28838324546813965,0.5612536668777466,-0.04935220628976822,0.3025590777397156,0.5345414876937866,-0.06491640210151672,0.3462863862514496,0.49436652660369873,-0.026860451325774193,0.34186118841171265,0.39949721097946167,-0.05090247094631195,0.3355449140071869,0.3405716121196747,-0.06991196423768997,0.3298446834087372,0.2921992540359497,-0.08373630046844482,0.3746338486671448,0.49319928884506226,-0.03478469327092171,0.36975225806236267,0.38686129450798035,-0.0575195774435997,0.362568199634552,0.3206331133842468,-0.07474000006914139,0.3551860451698303,0.26447153091430664,-0.08630473911762238,0.4047927260398865,0.5094615817070007,-0.04521306976675987,0.4050210118293762,0.4065955579280853,-0.06704162806272507,0.4022851586341858,0.3437314033508301,-0.08016783744096756,0.3981975317001343,0.29024481773376465,-0.088714599609375,0.43575912714004517,0.5429065823554993,-0.057534944266080856,0.45212677121162415,0.47096580266952515,-0.07667230814695358,0.45958948135375977,0.4218735694885254,-0.08473996073007584,0.4640257954597473,0.3761313557624817,-0.08951935917139053
hello,0.3874039053916931,0.7038907408714294,3.8409143598983064e-07,0.33640629053115845,0.6710206270217896,-0.018269866704940796,0.29945215582847595,0.6083294153213501,-0.03266246244311333,0.2867562770843506,0.5553874969482422,-0.047113314270973206,0.30212828516960144,0.5263620018959045,-0.06217186897993088,0.3417890667915344,0.4893715977668762,-0.026393193751573563,0.33570152521133423,0.3943297863006592,-0.04955166578292847,0.32895949482917786,0.33536702394485474,-0.06760940700769424,0.3233259320259094,0.2869579493999481,-0.08078746497631073,0.37077978253364563,0.4877585470676422,-0.034214917570352554,0.36512279510498047,0.3818805515766144,-0.0560799203813076,0.35781118273735046,0.3162778615951538,-0.07277213782072067,0.3507031202316284,0.260773628950119,-0.08408662676811218,0.40158531069755554,0.50343257188797,-0.04437926039099693,0.3992187976837158,0.40106749534606934,-0.06559617817401886,0.3945643901824951,0.33862432837486267,-0.07867657393217087,0.3893941044807434,0.2860969305038452,-0.08721475303173065,0.4331244230270386,0.5351759791374207,-0.05630212277173996,0.44687777757644653,0.4616732895374298,-0.07537554204463959,0.45357459783554077,0.4117908477783203,-0.08385956287384033,0.45834288001060486,0.36577168107032776,-0.0888967514038086
hello,0.38640716671943665,0.7050023674964905,3.676607605029858e-07,0.3354240357875824,0.6717299818992615,-0.01979299634695053,0.2991847097873688,0.6091756224632263,-0.03459327667951584,0.2864946126937866,0.5567960739135742,-0.0492233969271183,0.2989497184753418,0.5265964865684509,-0.06436397135257721,0.34268486499786377,0.4885004460811615,-0.026698093861341476,0.3363029956817627,0.39499980211257935,-0.05092131718993187,0.32957544922828674,0.3365103602409363,-0.07034763693809509,0.32386890053749084,0.28802967071533203,-0.0845995768904686,0.37109237909317017,0.48624274134635925,-0.03422665223479271,0.36478757858276367,0.3823290169239044,-0.05720006301999092,0.356732577085495,0.3172360062599182,-0.07496753334999084,0.34845229983329773,0.2608521580696106,-0.08701568096876144,0.40149205923080444,0.5019676685333252,-0.04437066987156868,0.39960962533950806,0.4001244604587555,-0.06673377007246017,0.39527150988578796,0.3373417854309082,-0.08049548417329788,0.3898794651031494,0.2832202613353729,-0.08951573818922043,0.4327738881111145,0.5353034734725952,-0.05642576143145561,0.44768038392066956,0.46322178840637207,-0.07629379630088806,0.45447251200675964,0.4139794409275055,-0.08505965769290924,0.45878735184669495,0.3673482835292816,-0.09034695476293564
hello,0.387163370847702,0.7049471139907837,3.6795020719182503e-07,0.3358316719532013,0.6714048385620117,-0.019309543073177338,0.2992345094680786,0.6088175773620605,-0.03404593840241432,0.2863641083240509,0.5565767884254456,-0.04869920387864113,0.2986719608306885,0.5269489288330078,-0.06392908841371536,0.3423090875148773,0.4883500337600708,-0.026472799479961395,0.3360474109649658,0.3950527310371399,-0.05035883188247681,0.32930788397789,0.33688127994537354,-0.06940282881259918,0.32353320717811584,0.2885698080062866,-0.08341335505247116,0.37107378244400024,0.486200749874115,-0.03425276651978493,0.3651309907436371,0.38181987404823303,-0.05698708817362785,0.3572986423969269,0.316730797290802,-0.07455415278673172,0.34933343529701233,0.26072922348976135,-0.08649615943431854,0.40152508020401,0.5022173523902893,-0.0445745475590229,0.3995278775691986,0.40100759267807007,-0.06664267927408218,0.39501747488975525,0.33852189779281616,-0.08030197769403458,0.38969212770462036,0.2849539518356323,-0.08931432664394379,0.43272385001182556,0.5355024933815002,-0.056765858083963394,0.44712984561920166,0.46349477767944336,-0.07628186047077179,0.4538116455078125,0.41422170400619507,-0.08493755012750626,0.4581787586212158,0.3678572177886963,-0.09023125469684601
hello,0.3873386085033417,0.7050295472145081,3.6666449432232184e-07,0.3358604907989502,0.6718775033950806,-0.019814975559711456,0.2992858290672302,0.609341561794281,-0.03475183621048927,0.2861940264701843,0.5569474697113037,-0.049547187983989716,0.2988436222076416,0.5268951058387756,-0.06485556811094284,0.34262293577194214,0.48844969272613525,-0.026640353724360466,0.3361493945121765,0.39486369490623474,-0.050880301743745804,0.3293449878692627,0.3365230858325958,-0.07025456428527832,0.32365721464157104,0.2881113290786743,-0.08447367697954178,0.3711131513118744,0.48623543977737427,-0.034182701259851456,0.364857017993927,0.38220489025115967,-0.05718916282057762,0.3568767309188843,0.3172861337661743,-0.07488524168729782,0.3487558960914612,0.26110997796058655,-0.0868893712759018,0.4015308618545532,0.5020037293434143,-0.04436124116182327,0.39961904287338257,0.40028780698776245,-0.06670395284891129,0.3952654302120209,0.3377007246017456,-0.08035285025835037,0.38996219635009766,0.2837024927139282,-0.08931076526641846,0.4327968657016754,0.5353111028671265,-0.05646640434861183,0.44748491048812866,0.4631851315498352,-0.07622026652097702,0.45424923300743103,0.4139295816421509,-0.08491943031549454,0.4585804343223572,0.36726894974708557,-0.0902009978890419
hello,0.38468676805496216,0.6969861388206482,4.0156129443857935e-07,0.3306855261325836,0.6617486476898193,-0.017093921080231667,0.2928367555141449,0.596869945526123,-0.030890870839357376,0.28023961186408997,0.543292760848999,-0.04498187080025673,0.2954500913619995,0.5179832577705383,-0.05954877659678459,0.33571991324424744,0.48131850361824036,-0.02444298379123211,0.32815107703208923,0.3855137526988983,-0.046579521149396896,0.31982308626174927,0.3270857334136963,-0.06372661888599396,0.31263843178749084,0.27955591678619385,-0.07615043222904205,0.3646555542945862,0.4789605140686035,-0.032648488879203796,0.35647910833358765,0.3721056580543518,-0.053647518157958984,0.3472044765949249,0.3053337037563324,-0.06947456300258636,0.3390228748321533,0.25023916363716125,-0.07987207919359207,0.39536991715431213,0.49300670623779297,-0.043221715837717056,0.3906967341899872,0.3886462450027466,-0.0638650506734848,0.3847666382789612,0.324618399143219,-0.07668689638376236,0.37934207916259766,0.27208802103996277,-0.08474388718605042,0.42705297470092773,0.5228850841522217,-0.05546807870268822,0.4396146833896637,0.4483370780944824,-0.07350354641675949,0.4451924264431,0.3980240821838379,-0.08128287643194199,0.4494660496711731,0.3528762757778168,-0.0857326090335846
hello,0.38193827867507935,0.698257565498352,3.6446343187890307e-07,0.3293015956878662,0.6622434854507446,-0.01706085354089737,0.2915225923061371,0.5981017351150513,-0.030750956386327744,0.279220312833786,0.5444174408912659,-0.04482915624976158,0.29377809166908264,0.5157887935638428,-0.05930044502019882,0.3350849151611328,0.479682594537735,-0.02267463691532612,0.3279404044151306,0.38521021604537964,-0.04477926343679428,0.3198539912700653,0.3273395299911499,-0.06247364357113838,0.3129260540008545,0.2804821729660034,-0.07558091729879379,0.36326703429222107,0.47716057300567627,-0.031116895377635956,0.3549545407295227,0.37260177731513977,-0.052659664303064346,0.34572461247444153,0.30791041254997253,-0.06915774196386337,0.33723634481430054,0.2535415291786194,-0.08019290864467621,0.393907368183136,0.4914742112159729,-0.04205099865794182,0.3899007737636566,0.38750967383384705,-0.06356878578662872,0.3848728537559509,0.324260413646698,-0.07664185017347336,0.379890501499176,0.271062970161438,-0.08508199453353882,0.42597752809524536,0.5229768753051758,-0.05464833229780197,0.439832866191864,0.44952592253685,-0.0738372877240181,0.44614362716674805,0.3994145691394806,-0.08210957795381546,0.4504813253879547,0.3531910479068756,-0.0869857519865036
hello,0.38143545389175415,0.69829922914505,3.6673571912615444e-07,0.3287961184978485,0.6618451476097107,-0.017659854143857956,0.29149073362350464,0.5984020233154297,-0.03178291395306587,0.279158353805542,0.5453763008117676,-0.046217892318964005,0.2922629714012146,0.5154880881309509,-0.06101706251502037,0.3346768021583557,0.479824423789978,-0.02351529337465763,0.3277377486228943,0.3850671350955963,-0.045902710407972336,0.31980693340301514,0.327236533164978,-0.06365549564361572,0.3129481375217438,0.28007543087005615,-0.07673905789852142,0.36295589804649353,0.4772513210773468,-0.0317491851747036,0.3550282120704651,0.37211090326309204,-0.053489238023757935,0.3460521399974823,0.30730652809143066,-0.07014879584312439,0.33780404925346375,0.25255608558654785,-0.08133219927549362,0.39356204867362976,0.49161162972450256,-0.04250825569033623,0.3897917568683624,0.38768842816352844,-0.06415468454360962,0.38477084040641785,0.32474201917648315,-0.07730528712272644,0.3797331154346466,0.27181509137153625,-0.08578206598758698,0.4257226586341858,0.522925853729248,-0.054969653487205505,0.4395506680011749,0.4489617347717285,-0.07417354732751846,0.4459635615348816,0.3986601233482361,-0.08247556537389755,0.4503546953201294,0.3524349629878998,-0.08736634999513626
hello,0.3816956877708435,0.6985153555870056,3.654827480659151e-07,0.3289949595928192,0.6620785593986511,-0.017863426357507706,0.2915618121623993,0.5987318754196167,-0.0321260541677475,0.27909308671951294,0.5456184148788452,-0.046674132347106934,0.29200732707977295,0.5160747766494751,-0.06158783659338951,0.33471280336380005,0.47982391715049744,-0.023604700341820717,0.3277934491634369,0.384928435087204,-0.04605449363589287,0.31994137167930603,0.32705748081207275,-0.06387500464916229,0.31314146518707275,0.2798750102519989,-0.07702479511499405,0.3630112409591675,0.47737354040145874,-0.03180183470249176,0.3551097512245178,0.3723651170730591,-0.05366922914981842,0.3461337089538574,0.3077241778373718,-0.07041436433792114,0.3378490209579468,0.2530062794685364,-0.08166097849607468,0.39362502098083496,0.49179399013519287,-0.04255124554038048,0.3899175524711609,0.3881053030490875,-0.06429941207170486,0.38485556840896606,0.3252168893814087,-0.07747958600521088,0.3797535002231598,0.27218592166900635,-0.08598481118679047,0.4258653521537781,0.5231419801712036,-0.05502433329820633,0.4396134316921234,0.44929927587509155,-0.07426566630601883,0.4459398686885834,0.3991156220436096,-0.08256523311138153,0.45022666454315186,0.3528766632080078,-0.08747395873069763
hello,0.37789186835289,0.6794722676277161,4.442840975116269e-07,0.3224038779735565,0.6439128518104553,-0.018110089004039764,0.2853817343711853,0.5821593999862671,-0.03276043012738228,0.27321702241897583,0.5316677689552307,-0.0475291982293129,0.2804868817329407,0.4947439134120941,-0.06277848780155182,0.32556208968162537,0.46418705582618713,-0.027512991800904274,0.3165131211280823,0.3668956756591797,-0.05088191479444504,0.3076876997947693,0.30655544996261597,-0.06877001374959946,0.3003948926925659,0.25605422258377075,-0.0815822184085846,0.3535407781600952,0.46169397234916687,-0.035616446286439896,0.34623095393180847,0.3541628420352936,-0.057211026549339294,0.3369806408882141,0.2868848443031311,-0.07360435277223587,0.3284485638141632,0.23094597458839417,-0.08469316363334656,0.38328856229782104,0.4757993221282959,-0.04606984555721283,0.37781861424446106,0.3721851706504822,-0.06700118631124496,0.36991509795188904,0.3081328570842743,-0.07990605384111404,0.36246317625045776,0.2553934156894684,-0.08849763870239258,0.4144851863384247,0.5061272978782654,-0.058301471173763275,0.42855384945869446,0.43276482820510864,-0.07717496156692505,0.43372073769569397,0.38165584206581116,-0.08547960221767426,0.43670371174812317,0.3357146978378296,-0.09039448201656342
hello,0.3767378032207489,0.6818923354148865,4.197359544377832e-07,0.3225867748260498,0.6455974578857422,-0.0197772029787302,0.2851846218109131,0.5834450721740723,-0.03563285619020462,0.2717580795288086,0.530698835849762,-0.051498785614967346,0.2797453999519348,0.4942106604576111,-0.0678180381655693,0.3240368366241455,0.46675553917884827,-0.028308574110269547,0.3156113922595978,0.3695956766605377,-0.05348588153719902,0.3068510591983795,0.3088858723640442,-0.07276211678981781,0.2997388243675232,0.25948503613471985,-0.08636685460805893,0.3514331877231598,0.4633136987686157,-0.036240581423044205,0.34343913197517395,0.35669803619384766,-0.06030593812465668,0.33357688784599304,0.2892358899116516,-0.0780210942029953,0.3242679536342621,0.2328827679157257,-0.08961830288171768,0.3813621699810028,0.476693719625473,-0.04674849286675453,0.37617039680480957,0.37155771255493164,-0.07012590020895004,0.36886096000671387,0.3073762059211731,-0.08369296789169312,0.3613889515399933,0.2543911635875702,-0.09222535043954849,0.4136315584182739,0.5071039795875549,-0.05907506123185158,0.4276302754878998,0.43190866708755493,-0.07970301806926727,0.43319663405418396,0.3807128369808197,-0.0882771909236908,0.43606945872306824,0.33460110425949097,-0.09308309108018875
hello,0.37575504183769226,0.6810914874076843,4.3049851683463203e-07,0.32128745317459106,0.6449145674705505,-0.01972573809325695,0.2841576337814331,0.5825338363647461,-0.03584333136677742,0.2708069682121277,0.5296231508255005,-0.051972582936286926,0.27941277623176575,0.4940258264541626,-0.06871598958969116,0.32370394468307495,0.46683448553085327,-0.02939637377858162,0.31524205207824707,0.36883068084716797,-0.05477256700396538,0.3064236044883728,0.3077687621116638,-0.07404765486717224,0.29926788806915283,0.25804340839385986,-0.087617889046669,0.35156935453414917,0.46346205472946167,-0.037437502294778824,0.3438749313354492,0.3558542728424072,-0.06151459738612175,0.3338148295879364,0.28814417123794556,-0.07916726917028427,0.32429441809654236,0.23195254802703857,-0.09071662276983261,0.3817560076713562,0.47690629959106445,-0.047928549349308014,0.37617361545562744,0.3707205057144165,-0.07117938250303268,0.368175208568573,0.30614954233169556,-0.08466228097677231,0.3602295219898224,0.25280138850212097,-0.09320677071809769,0.4139830470085144,0.5073807239532471,-0.060203101485967636,0.42752164602279663,0.431504487991333,-0.08071933686733246,0.4326571524143219,0.38009193539619446,-0.08909181505441666,0.43533191084861755,0.3337353467941284,-0.09376762807369232
hello,0.3763764202594757,0.680768609046936,4.222268046305544e-07,0.3218937814235687,0.6446860432624817,-0.019941190257668495,0.2844344675540924,0.5824495553970337,-0.03611314296722412,0.27109020948410034,0.5292012095451355,-0.05228832736611366,0.2804896831512451,0.49404069781303406,-0.06902141124010086,0.32390186190605164,0.46622800827026367,-0.029009981080889702,0.3153229057788849,0.3689168095588684,-0.054264701902866364,0.306580513715744,0.3083397150039673,-0.07349050790071487,0.2996036410331726,0.2589770257472992,-0.08707267791032791,0.35158199071884155,0.46289533376693726,-0.036907121539115906,0.3436499238014221,0.35600554943084717,-0.06098292022943497,0.33375418186187744,0.2886713147163391,-0.07862520217895508,0.3245418667793274,0.23255470395088196,-0.09018219262361526,0.3816605806350708,0.4763279855251312,-0.047328222543001175,0.3762241005897522,0.37090152502059937,-0.07065107673406601,0.36841827630996704,0.3068051040172577,-0.08416895568370819,0.3606669306755066,0.25380659103393555,-0.09271030873060226,0.41388368606567383,0.5066835284233093,-0.05956503376364708,0.42741912603378296,0.43108758330345154,-0.08008736371994019,0.43261030316352844,0.3799666166305542,-0.08853505551815033,0.43527951836586,0.33386021852493286,-0.09328633546829224
hello,0.3711358308792114,0.6614224314689636,4.0688817648515396e-07,0.317583292722702,0.6307498812675476,-0.020516412332654,0.2802509665489197,0.5691112279891968,-0.036384228616952896,0.2703835964202881,0.5151960253715515,-0.05201035365462303,0.28824058175086975,0.4785521924495697,-0.06810802221298218,0.31788673996925354,0.4474002420902252,-0.028017425909638405,0.3070651590824127,0.3543219268321991,-0.051732923835515976,0.2959009110927582,0.2969174385070801,-0.07025429606437683,0.28644222021102905,0.24778831005096436,-0.08402983099222183,0.3467952311038971,0.4430130422115326,-0.03555882349610329,0.3360222578048706,0.338275283575058,-0.05768464133143425,0.32488304376602173,0.27303630113601685,-0.07508053630590439,0.31496500968933105,0.21663028001785278,-0.08725237101316452,0.37681010365486145,0.4564250409603119,-0.04573482647538185,0.36777791380882263,0.3553810715675354,-0.0674164891242981,0.35861140489578247,0.29373788833618164,-0.08096591383218765,0.3503433167934418,0.24058640003204346,-0.09013345092535019,0.40746816992759705,0.48606589436531067,-0.05790819972753525,0.4136754274368286,0.41168373823165894,-0.07728476077318192,0.41483503580093384,0.36074310541152954,-0.08615398406982422,0.41532376408576965,0.31324702501296997,-0.09182978421449661
hello,0.36842161417007446,0.6641647219657898,3.5850712265528273e-07,0.3165387213230133,0.6324917078018188,-0.020668920129537582,0.27939343452453613,0.5679993033409119,-0.036147117614746094,0.2702179253101349,0.5111885666847229,-0.05147555097937584,0.2909674346446991,0.4762870967388153,-0.06730592995882034,0.3169912099838257,0.4459569454193115,-0.027290118858218193,0.3067924976348877,0.3527442514896393,-0.05151742696762085,0.296691358089447,0.2955711781978607,-0.07045695930719376,0.28848960995674133,0.24772515892982483,-0.08434463292360306,0.34503310918807983,0.44248586893081665,-0.034726642072200775,0.3348103165626526,0.3380067050457001,-0.05790361016988754,0.3247956931591034,0.2732731103897095,-0.07587967067956924,0.315777987241745,0.21721160411834717,-0.08797547221183777,0.37531328201293945,0.45639151334762573,-0.04483456164598465,0.36596134305000305,0.35701000690460205,-0.06709754467010498,0.3577846586704254,0.2954561412334442,-0.08097591251134872,0.3509206175804138,0.24257294833660126,-0.0900174155831337,0.40690404176712036,0.4864548146724701,-0.057019058614969254,0.4121556282043457,0.41134774684906006,-0.07621768116950989,0.4135728180408478,0.36118167638778687,-0.0850033089518547,0.41506296396255493,0.3151020407676697,-0.09047497063875198
hello,0.3694164454936981,0.6648334264755249,3.534589723130921e-07,0.316782683134079,0.6326018571853638,-0.020918918773531914,0.2794133126735687,0.5679333806037903,-0.03660443052649498,0.26985448598861694,0.5107933282852173,-0.05215311050415039,0.29079169034957886,0.4750833511352539,-0.06810958683490753,0.31683263182640076,0.4464613199234009,-0.02709461934864521,0.30678027868270874,0.3521983027458191,-0.051444362848997116,0.29668813943862915,0.2948104739189148,-0.07041902840137482,0.2883714437484741,0.2467418760061264,-0.08432077616453171,0.34500834345817566,0.44301021099090576,-0.03444835543632507,0.3353094160556793,0.33821094036102295,-0.057761047035455704,0.3255823254585266,0.2737543284893036,-0.07576296478509903,0.3168802857398987,0.21767789125442505,-0.08787553757429123,0.37542641162872314,0.4567961096763611,-0.04454882815480232,0.36640095710754395,0.3573536276817322,-0.0668511688709259,0.35807323455810547,0.2957683801651001,-0.08056806027889252,0.3511333763599396,0.2428465187549591,-0.0895119160413742,0.4072362780570984,0.4866151213645935,-0.05677415430545807,0.4126376509666443,0.41132545471191406,-0.07589340955018997,0.41397643089294434,0.36098137497901917,-0.0845135748386383,0.4154425263404846,0.31483447551727295,-0.08988050371408463
hello,0.36957472562789917,0.6652218699455261,3.5624194083538896e-07,0.3169391453266144,0.6333479881286621,-0.02073134481906891,0.2795572280883789,0.5685544013977051,-0.03623359277844429,0.26995640993118286,0.5113697052001953,-0.051652755588293076,0.290274053812027,0.4758719503879547,-0.06756875663995743,0.3169578015804291,0.44684919714927673,-0.02697944827377796,0.306942880153656,0.35302871465682983,-0.05122210830450058,0.2968018054962158,0.29559099674224854,-0.07019583880901337,0.28854814171791077,0.24746793508529663,-0.08414894342422485,0.344991534948349,0.44324585795402527,-0.03446653112769127,0.33489254117012024,0.3382471799850464,-0.05771910026669502,0.3249270021915436,0.27339935302734375,-0.07577823102474213,0.3159824013710022,0.21704480051994324,-0.08797217905521393,0.3753012418746948,0.4569716453552246,-0.044670164585113525,0.3659275472164154,0.3571353852748871,-0.06697598099708557,0.35761749744415283,0.2953990697860718,-0.08082873374223709,0.350660502910614,0.24240542948246002,-0.08990519493818283,0.4070693850517273,0.4867846965789795,-0.056976158171892166,0.4123421013355255,0.41149863600730896,-0.07619155943393707,0.4137260317802429,0.360973596572876,-0.08494849503040314,0.4151841700077057,0.3146682679653168,-0.09044432640075684
hello,0.37206846475601196,0.6583466529846191,3.728370359112887e-07,0.3182133436203003,0.6271727085113525,-0.021362904459238052,0.28079861402511597,0.5648813843727112,-0.037294987589120865,0.27005892992019653,0.5086974501609802,-0.05308085307478905,0.2877330780029297,0.47150731086730957,-0.06916051357984543,0.31806766986846924,0.4451931416988373,-0.027009354904294014,0.30765411257743835,0.35126104950904846,-0.05118532478809357,0.2972678542137146,0.2930150628089905,-0.06990765035152435,0.28903165459632874,0.24362783133983612,-0.08363689482212067,0.34563368558883667,0.43997132778167725,-0.03400198742747307,0.334862619638443,0.33412104845046997,-0.056714124977588654,0.32477903366088867,0.26876893639564514,-0.07417097687721252,0.31572461128234863,0.2120455503463745,-0.0860360860824585,0.37518662214279175,0.4516070485115051,-0.043784596025943756,0.36497509479522705,0.3524130880832672,-0.06539557874202728,0.35618215799331665,0.29117918014526367,-0.07819496095180511,0.34863749146461487,0.2385830283164978,-0.08659888803958893,0.40659570693969727,0.47886374592781067,-0.055842865258455276,0.41151684522628784,0.4039982855319977,-0.07439550012350082,0.41282516717910767,0.35330623388290405,-0.08253853768110275,0.41392338275909424,0.306892454624176,-0.08761212229728699
hello,0.3700718283653259,0.6584916710853577,3.654623128568346e-07,0.3166235387325287,0.626948356628418,-0.020132174715399742,0.2801804840564728,0.5639718174934387,-0.03503715991973877,0.27125874161720276,0.5080949664115906,-0.049967944622039795,0.2865285277366638,0.4715074598789215,-0.0654209777712822,0.31691429018974304,0.44321000576019287,-0.026052940636873245,0.30673453211784363,0.3497668504714966,-0.04977540671825409,0.29708757996559143,0.29148879647254944,-0.06847099959850311,0.2892622649669647,0.2423999160528183,-0.0822172537446022,0.34505707025527954,0.4387120306491852,-0.03376951068639755,0.33467215299606323,0.33421576023101807,-0.05658084154129028,0.3244592249393463,0.2690935730934143,-0.07459256052970886,0.3149082660675049,0.2125227153301239,-0.08679161220788956,0.37510108947753906,0.45128437876701355,-0.04413248226046562,0.36539003252983093,0.3523131310939789,-0.06604783982038498,0.35655686259269714,0.29092633724212646,-0.07964887470006943,0.34858542680740356,0.23819532990455627,-0.08858802169561386,0.40693047642707825,0.4798170328140259,-0.05658658966422081,0.41249755024909973,0.4049364924430847,-0.07554998248815536,0.41351228952407837,0.3540540933609009,-0.0840664952993393,0.4138699769973755,0.3074597716331482,-0.08936374634504318
hello,0.3702026903629303,0.658160924911499,3.633217886545026e-07,0.31630462408065796,0.6262014508247375,-0.02094229869544506,0.28022995591163635,0.563338577747345,-0.036399584263563156,0.27127528190612793,0.5069838762283325,-0.05172446370124817,0.2876776158809662,0.47078704833984375,-0.06749939173460007,0.3175458312034607,0.44299325346946716,-0.02657805196940899,0.3069726526737213,0.3500867486000061,-0.05058686435222626,0.29715925455093384,0.2923552393913269,-0.0694785863161087,0.2891625463962555,0.2432829737663269,-0.08335350453853607,0.3459060788154602,0.4384903609752655,-0.0339636467397213,0.33612513542175293,0.3341042399406433,-0.05694430321455002,0.3262297809123993,0.26925864815711975,-0.07491890341043472,0.31705161929130554,0.21294832229614258,-0.08709416538476944,0.37584179639816284,0.4511655867099762,-0.0440979078412056,0.36680343747138977,0.35330095887184143,-0.06593231111764908,0.35784611105918884,0.292097806930542,-0.07936984300613403,0.34984761476516724,0.23953554034233093,-0.08820049464702606,0.4071607291698456,0.47964712977409363,-0.056442953646183014,0.41247040033340454,0.4050803780555725,-0.0751294195652008,0.4131775200366974,0.3543591797351837,-0.08351335674524307,0.4134346544742584,0.30785492062568665,-0.08875977993011475
hello,0.37058573961257935,0.6579630374908447,3.6122762026025157e-07,0.31655409932136536,0.6262619495391846,-0.0210434477776289,0.2802283763885498,0.5635844469070435,-0.03651326894760132,0.2713104784488678,0.5071811079978943,-0.051798611879348755,0.28761282563209534,0.47072407603263855,-0.06751197576522827,0.3175528049468994,0.4432218670845032,-0.026841826736927032,0.30688273906707764,0.3503838777542114,-0.05087805166840553,0.2971152067184448,0.2926403284072876,-0.06976426392793655,0.28917068243026733,0.2435823231935501,-0.08360877633094788,0.34590327739715576,0.4385358393192291,-0.03412087261676788,0.3360663056373596,0.33412474393844604,-0.05709422007203102,0.32616984844207764,0.2693045735359192,-0.07501962780952454,0.3170698285102844,0.2131190001964569,-0.08715322613716125,0.3758741617202759,0.4511069655418396,-0.04413735494017601,0.3669372797012329,0.3532634675502777,-0.06592581421136856,0.35793715715408325,0.2920963764190674,-0.07935559004545212,0.3499390184879303,0.239715114235878,-0.08817638456821442,0.40720146894454956,0.47954225540161133,-0.056369196623563766,0.412593275308609,0.4048950970172882,-0.07501251995563507,0.41335704922676086,0.3541871905326843,-0.08340656757354736,0.413686066865921,0.30777329206466675,-0.0886460468173027
hello,0.374212384223938,0.649682343006134,3.4172035157098435e-07,0.32318761944770813,0.615574836730957,-0.019498605281114578,0.2871799170970917,0.5533755421638489,-0.03447740525007248,0.27528616786003113,0.49902376532554626,-0.04964090883731842,0.2913854718208313,0.46193552017211914,-0.06502486020326614,0.32295599579811096,0.4354805052280426,-0.022897962480783463,0.3134000897407532,0.3436022400856018,-0.04562471807003021,0.3035457134246826,0.287402868270874,-0.06382203102111816,0.2958034574985504,0.24048909544944763,-0.07730424404144287,0.35058239102363586,0.43114110827445984,-0.030105292797088623,0.34092479944229126,0.329697847366333,-0.05159734562039375,0.33073413372039795,0.26736336946487427,-0.06857983767986298,0.32155850529670715,0.21384641528129578,-0.08022086322307587,0.38074401021003723,0.44390082359313965,-0.0401422455906868,0.37308216094970703,0.34343934059143066,-0.061360593885183334,0.36543533205986023,0.28156983852386475,-0.07456115633249283,0.358580619096756,0.22829458117485046,-0.08335945010185242,0.41282761096954346,0.47336339950561523,-0.05215258523821831,0.42263340950012207,0.3994464576244354,-0.07123769074678421,0.425581693649292,0.34868842363357544,-0.07987305521965027,0.42733079195022583,0.30213847756385803,-0.08515601605176926
hello,0.3736245036125183,0.6489191651344299,3.3893334716594836e-07,0.3222884237766266,0.6162922382354736,-0.019505605101585388,0.28674066066741943,0.5538435578346252,-0.03408568724989891,0.2779109477996826,0.4982571601867676,-0.048685699701309204,0.29519206285476685,0.4608670771121979,-0.06354416161775589,0.32349541783332825,0.4342561662197113,-0.023590007796883583,0.3139921724796295,0.3440459370613098,-0.04625716432929039,0.3045342266559601,0.28789693117141724,-0.06452777236700058,0.2968750298023224,0.24089157581329346,-0.07811232656240463,0.35166308283805847,0.4300369918346405,-0.030806275084614754,0.34183645248413086,0.32913076877593994,-0.05238807573914528,0.33195996284484863,0.26658064126968384,-0.06964972615242004,0.3229745030403137,0.21296769380569458,-0.08143541216850281,0.3821162283420563,0.44291073083877563,-0.040745485574007034,0.3737119734287262,0.3456752598285675,-0.061790820211172104,0.36576998233795166,0.284679114818573,-0.0750884935259819,0.3586321473121643,0.2327042520046234,-0.08397320657968521,0.41430267691612244,0.47183957695961,-0.05267810449004173,0.4221993684768677,0.39974507689476013,-0.0713285431265831,0.4248315989971161,0.35070914030075073,-0.07983388006687164,0.4268026351928711,0.30587372183799744,-0.08507721871137619
hello,0.3731878995895386,0.6488853693008423,3.3538765364937717e-07,0.3217926025390625,0.6159305572509766,-0.019509319216012955,0.28644585609436035,0.5527202486991882,-0.034071002155542374,0.2781115174293518,0.49706506729125977,-0.048586081713438034,0.2944231331348419,0.4587329030036926,-0.06324461102485657,0.3237241208553314,0.4345792233943939,-0.023993810638785362,0.31407681107521057,0.34349873661994934,-0.04665309935808182,0.30443957448005676,0.2869863510131836,-0.06476719677448273,0.2966139614582062,0.24012215435504913,-0.07814507186412811,0.3516940474510193,0.43027129769325256,-0.03115801513195038,0.3418932259082794,0.32844293117523193,-0.05269936844706535,0.3323303461074829,0.2658488154411316,-0.06972317397594452,0.32378876209259033,0.21293377876281738,-0.08127274364233017,0.38192108273506165,0.44290417432785034,-0.04102414473891258,0.37369048595428467,0.3447313904762268,-0.06193291023373604,0.36605989933013916,0.2837149500846863,-0.07500603049993515,0.3591831922531128,0.23214101791381836,-0.08370763808488846,0.41399574279785156,0.4715018570423126,-0.0528842955827713,0.42198264598846436,0.3992684483528137,-0.07140976190567017,0.4247206747531891,0.3502996563911438,-0.07978522777557373,0.42669105529785156,0.30586469173431396,-0.08488002419471741
hello,0.37317150831222534,0.649455189704895,3.351434259002417e-07,0.321743905544281,0.615908145904541,-0.019787980243563652,0.286539226770401,0.5525434613227844,-0.03460915386676788,0.2778541147708893,0.4969020187854767,-0.04934868589043617,0.2938324809074402,0.45833224058151245,-0.06418509036302567,0.32400453090667725,0.43449127674102783,-0.02417340874671936,0.3141999840736389,0.3430219888687134,-0.04702014476060867,0.3045436143875122,0.28641247749328613,-0.0652611255645752,0.2967628836631775,0.2395416796207428,-0.07868754863739014,0.35186392068862915,0.43036016821861267,-0.0312613882124424,0.3421015739440918,0.32849323749542236,-0.053009796887636185,0.3325280547142029,0.2659362852573395,-0.0701129361987114,0.32399052381515503,0.2131386250257492,-0.08167698234319687,0.3820191025733948,0.44309622049331665,-0.04109542816877365,0.37394386529922485,0.34471040964126587,-0.062130238860845566,0.36631524562835693,0.28357601165771484,-0.07520292699337006,0.35937368869781494,0.23190481960773468,-0.08388092368841171,0.41406023502349854,0.4717507064342499,-0.0529482439160347,0.4221838116645813,0.3993143141269684,-0.07150131464004517,0.42492321133613586,0.35023823380470276,-0.07984999567270279,0.4268209934234619,0.3057278096675873,-0.08491352945566177
hello,0.38076093792915344,0.6445873975753784,3.382789088846039e-07,0.32926875352859497,0.6111346483230591,-0.01898854225873947,0.29262983798980713,0.5492822527885437,-0.03384009003639221,0.2803359627723694,0.4944759011268616,-0.048853933811187744,0.29670432209968567,0.4590907394886017,-0.06401602178812027,0.32977744936943054,0.4327399432659149,-0.023711202666163445,0.32123038172721863,0.3405393362045288,-0.04658670723438263,0.3131425082683563,0.28377485275268555,-0.06480281800031662,0.30729588866233826,0.23729126155376434,-0.0779537707567215,0.3580057621002197,0.42772483825683594,-0.030822355300188065,0.34866106510162354,0.325554758310318,-0.052288006991147995,0.3398720622062683,0.2631252408027649,-0.06875673681497574,0.33193767070770264,0.2107362002134323,-0.07979363203048706,0.38892048597335815,0.43936777114868164,-0.04056990146636963,0.3837112486362457,0.3397941291332245,-0.06117081269621849,0.3782382607460022,0.2795915901660919,-0.07334292680025101,0.37263011932373047,0.22896471619606018,-0.08130574226379395,0.4213542938232422,0.4676593542098999,-0.05228195711970329,0.43279534578323364,0.39537736773490906,-0.07011754810810089,0.43761008977890015,0.3462368845939636,-0.07756803929805756,0.4403228163719177,0.3016144335269928,-0.08192285895347595
hello,0.38070839643478394,0.6457042098045349,3.450334418175771e-07,0.3289240598678589,0.6118004322052002,-0.01965542510151863,0.292783260345459,0.5499098896980286,-0.034670572727918625,0.2828250825405121,0.4946058392524719,-0.04960193485021591,0.3003852367401123,0.45531314611434937,-0.06445743888616562,0.33123779296875,0.4319263696670532,-0.023877007886767387,0.32264527678489685,0.3403784930706024,-0.047016043215990067,0.3146231770515442,0.2840007245540619,-0.06555334478616714,0.30855393409729004,0.2373412400484085,-0.07904812693595886,0.359195739030838,0.4273955821990967,-0.03078167885541916,0.3493289351463318,0.32629403471946716,-0.05279381573200226,0.34037327766418457,0.263616681098938,-0.06985992193222046,0.33239471912384033,0.21024498343467712,-0.08132533729076385,0.3898661136627197,0.43976423144340515,-0.04044492542743683,0.3836456537246704,0.3410743772983551,-0.06169992685317993,0.37781625986099243,0.2807779908180237,-0.07416635751724243,0.3721417188644409,0.2295977622270584,-0.08226538449525833,0.42243269085884094,0.4685581624507904,-0.05210578069090843,0.4327431321144104,0.3964534103870392,-0.07060559093952179,0.43661612272262573,0.3474951386451721,-0.07843439280986786,0.43871450424194336,0.3025076389312744,-0.08298511803150177
hello,0.3814042806625366,0.6461842060089111,3.4319236874580383e-07,0.32932716608047485,0.6120791435241699,-0.01910824328660965,0.29286491870880127,0.5496905446052551,-0.03374439477920532,0.2831066846847534,0.49399444460868835,-0.04840998351573944,0.3009408116340637,0.4553335905075073,-0.06305643916130066,0.331692636013031,0.43219590187072754,-0.02345401421189308,0.3231721520423889,0.34097719192504883,-0.046338364481925964,0.31491315364837646,0.2844015955924988,-0.06462959200143814,0.3084292411804199,0.23757971823215485,-0.07798483222723007,0.3596853017807007,0.42763569951057434,-0.03056582435965538,0.3501723110675812,0.32595252990722656,-0.05235716700553894,0.34119248390197754,0.2629924416542053,-0.06922367960214615,0.3330254554748535,0.2097899317741394,-0.0805591344833374,0.3902055621147156,0.4399609863758087,-0.04038297012448311,0.3835570812225342,0.34167981147766113,-0.061484530568122864,0.3771200478076935,0.28175413608551025,-0.07395364344120026,0.3707837462425232,0.23154205083847046,-0.08203301578760147,0.42266935110092163,0.46848583221435547,-0.052170027047395706,0.4330137372016907,0.3964255452156067,-0.07050266116857529,0.4368686079978943,0.34773340821266174,-0.07842402160167694,0.43888235092163086,0.303506076335907,-0.08307354897260666
hello,0.38102614879608154,0.646401047706604,3.4400520121380396e-07,0.3289596140384674,0.6117041707038879,-0.018768329173326492,0.2927311658859253,0.5489818453788757,-0.033222902566194534,0.2831873893737793,0.49319350719451904,-0.04780316725373268,0.3013988435268402,0.4547424614429474,-0.0623636469244957,0.3316343128681183,0.43196988105773926,-0.02284335531294346,0.3232055604457855,0.3408040404319763,-0.04561702162027359,0.31501832604408264,0.2842679023742676,-0.0638817697763443,0.308622807264328,0.2373879849910736,-0.07723081111907959,0.35958579182624817,0.42752403020858765,-0.030083762481808662,0.35008499026298523,0.32586026191711426,-0.05172869563102722,0.34119924902915955,0.2629135251045227,-0.06850884109735489,0.3331463634967804,0.2096278816461563,-0.07978713512420654,0.3900917172431946,0.4398588240146637,-0.040033645927906036,0.3833881616592407,0.34155890345573425,-0.06102484092116356,0.3769367039203644,0.2816486954689026,-0.07336889952421188,0.3706088960170746,0.23141466081142426,-0.08135800808668137,0.422585666179657,0.4683207869529724,-0.05194467306137085,0.43300676345825195,0.3963722288608551,-0.07014120370149612,0.43689513206481934,0.3477824628353119,-0.077937550842762,0.4389399290084839,0.3036549687385559,-0.08250810205936432
hello,0.3855190575122833,0.6450708508491516,3.278717883858917e-07,0.3348836302757263,0.6101478934288025,-0.01742750220000744,0.29951220750808716,0.5473523139953613,-0.030907580628991127,0.29046347737312317,0.49132391810417175,-0.044867537915706635,0.3104875385761261,0.45603469014167786,-0.05910171568393707,0.33889561891555786,0.43256044387817383,-0.02114861272275448,0.3315786123275757,0.34135496616363525,-0.04292302951216698,0.3245525360107422,0.2850232720375061,-0.06064818054437637,0.31966888904571533,0.23832818865776062,-0.07358740270137787,0.3677075207233429,0.4278743267059326,-0.02881784364581108,0.36150211095809937,0.3261044919490814,-0.049035314470529556,0.35365480184555054,0.2633173167705536,-0.06509827077388763,0.34634140133857727,0.21123719215393066,-0.07603687047958374,0.39855626225471497,0.44014090299606323,-0.03902488201856613,0.3960306644439697,0.343036413192749,-0.05818144604563713,0.39129945635795593,0.28310757875442505,-0.0698503851890564,0.3862065374851227,0.23291322588920593,-0.07775302231311798,0.43039458990097046,0.4687920808792114,-0.05119236931204796,0.44310495257377625,0.3972451984882355,-0.06793668121099472,0.4478824734687805,0.3480633497238159,-0.07481790333986282,0.45073333382606506,0.303317129611969,-0.07896707952022552
hello,0.38582903146743774,0.6452486515045166,3.065924261136388e-07,0.33539116382598877,0.6095746755599976,-0.01677761785686016,0.2993784248828888,0.5465289354324341,-0.029739059507846832,0.29243960976600647,0.4888562560081482,-0.043229840695858,0.31637945771217346,0.4553588330745697,-0.05673694610595703,0.34074217081069946,0.43091797828674316,-0.018878836184740067,0.3333316743373871,0.34278836846351624,-0.03960220888257027,0.32521533966064453,0.2877190113067627,-0.05676073208451271,0.31897491216659546,0.2413731962442398,-0.06961164623498917,0.36895138025283813,0.4270746111869812,-0.026748064905405045,0.3609200119972229,0.3271787166595459,-0.04645656421780586,0.3529743552207947,0.2647060751914978,-0.062253303825855255,0.34599941968917847,0.2113351970911026,-0.07302489876747131,0.3992968201637268,0.43996021151542664,-0.03723270073533058,0.39547815918922424,0.3433983325958252,-0.05654076486825943,0.3909364640712738,0.2845253348350525,-0.0680500864982605,0.38619786500930786,0.23492559790611267,-0.07556550949811935,0.4311189353466034,0.46855801343917847,-0.049641501158475876,0.44194939732551575,0.39666318893432617,-0.06622721254825592,0.44621914625167847,0.34832072257995605,-0.07309070229530334,0.44880563020706177,0.30438193678855896,-0.07718584686517715
hello,0.3860681653022766,0.6448342800140381,3.137521673579613e-07,0.3354128897190094,0.6096786856651306,-0.016992760822176933,0.29911988973617554,0.5469434261322021,-0.030237430706620216,0.29177361726760864,0.48967844247817993,-0.043967828154563904,0.3151112496852875,0.45666244626045227,-0.05774645134806633,0.34036898612976074,0.43083062767982483,-0.019829433411359787,0.33331775665283203,0.3423721492290497,-0.0408647246658802,0.3256494402885437,0.2870692014694214,-0.05816247686743736,0.3197944462299347,0.2407531589269638,-0.07103417813777924,0.3686999976634979,0.42708393931388855,-0.027642173692584038,0.36096668243408203,0.3268662095069885,-0.047619305551052094,0.3533080220222473,0.26416173577308655,-0.06350250542163849,0.3465234935283661,0.2107509970664978,-0.0742659941315651,0.39915984869003296,0.4399373531341553,-0.03804017975926399,0.3950478732585907,0.3436298966407776,-0.05743730068206787,0.3905547559261322,0.2845504879951477,-0.06909811496734619,0.3858869969844818,0.2350497990846634,-0.0766715481877327,0.4311349391937256,0.4683536887168884,-0.05036436766386032,0.4416950047016144,0.3962784707546234,-0.066928431391716,0.44591614603996277,0.34807172417640686,-0.07387282699346542,0.44848960638046265,0.304502934217453,-0.07799311727285385
hello,0.3859582543373108,0.6447718739509583,3.119498899195605e-07,0.335340291261673,0.6093872785568237,-0.01701968163251877,0.2991494834423065,0.5467656850814819,-0.03022412583231926,0.291759729385376,0.48955708742141724,-0.04391085356473923,0.31536373496055603,0.45638906955718994,-0.05763213336467743,0.3404819369316101,0.43088299036026,-0.01959037035703659,0.33330920338630676,0.3424721956253052,-0.04055691137909889,0.3254042863845825,0.2871582508087158,-0.05781767889857292,0.3193093538284302,0.24076934158802032,-0.07068713754415512,0.3687822222709656,0.4271416962146759,-0.02735910378396511,0.36089828610420227,0.327100932598114,-0.04730228707194328,0.35302063822746277,0.26450663805007935,-0.06313939392566681,0.3460724353790283,0.21111781895160675,-0.0738905593752861,0.39920318126678467,0.44005870819091797,-0.037735212594270706,0.3952672481536865,0.3435197174549103,-0.057185664772987366,0.3907254934310913,0.2845413386821747,-0.06878501176834106,0.38601335883140564,0.23501598834991455,-0.07630950212478638,0.4311215281486511,0.46860021352767944,-0.050037555396556854,0.44189900159835815,0.39648786187171936,-0.06674400717020035,0.4461439847946167,0.3480913043022156,-0.07371964305639267,0.44870615005493164,0.3042074739933014,-0.0778454840183258
hello,0.3919510245323181,0.6462633609771729,3.184098886777065e-07,0.340580016374588,0.6101695895195007,-0.017391687259078026,0.30421558022499084,0.5472656488418579,-0.030808644369244576,0.29589128494262695,0.491318941116333,-0.04483223333954811,0.3194026052951813,0.46253788471221924,-0.05920955911278725,0.34682923555374146,0.43472281098365784,-0.02008148655295372,0.3397195637226105,0.3449709713459015,-0.04173636436462402,0.3329146206378937,0.2887763977050781,-0.05964664742350578,0.3284405767917633,0.24198122322559357,-0.07275012135505676,0.3752846419811249,0.4300195872783661,-0.027669252827763557,0.36761656403541565,0.3286123275756836,-0.0481579415500164,0.35978150367736816,0.2651078701019287,-0.06431146711111069,0.3531959354877472,0.21120409667491913,-0.07507731765508652,0.4059763550758362,0.4416210651397705,-0.037862010300159454,0.40256235003471375,0.3435116708278656,-0.0574122779071331,0.39801302552223206,0.28308355808258057,-0.06904209405183792,0.39366614818573,0.23222172260284424,-0.0764133632183075,0.43784087896347046,0.46926262974739075,-0.05004330724477768,0.4486771821975708,0.3954794108867645,-0.06636042892932892,0.4530538320541382,0.3462410271167755,-0.0727429911494255,0.45580413937568665,0.3014073371887207,-0.076393723487854
hello,0.3905215561389923,0.6452682614326477,3.102083212525031e-07,0.3394085764884949,0.6092681884765625,-0.01620551384985447,0.3034195303916931,0.5455211997032166,-0.028694335371255875,0.29846030473709106,0.48639434576034546,-0.0419769361615181,0.32643020153045654,0.4589838981628418,-0.055611833930015564,0.3473687171936035,0.4333904981613159,-0.0175569299608469,0.34107106924057007,0.34676554799079895,-0.03777423873543739,0.33413270115852356,0.2924734354019165,-0.054912809282541275,0.32909396290779114,0.24612900614738464,-0.06797011941671371,0.3755801022052765,0.42957863211631775,-0.0257053691893816,0.3683929145336151,0.3296433687210083,-0.04520271718502045,0.3608197271823883,0.26657041907310486,-0.06107812374830246,0.3541046977043152,0.21212364733219147,-0.07199431955814362,0.4055590331554413,0.4421217441558838,-0.03647555038332939,0.4020863175392151,0.3453208804130554,-0.05570503696799278,0.39792540669441223,0.2858772873878479,-0.06751072406768799,0.39358776807785034,0.23564739525318146,-0.07515326142311096,0.4369388520717621,0.4697694182395935,-0.04916999489068985,0.44688957929611206,0.39605265855789185,-0.06557164341211319,0.4514479339122772,0.34720534086227417,-0.07256869971752167,0.45451685786247253,0.3029419779777527,-0.07688851654529572
hello,0.3900045156478882,0.6444704532623291,3.1416027468367247e-07,0.33919984102249146,0.6086198091506958,-0.01631999760866165,0.30338287353515625,0.5446922183036804,-0.029007086530327797,0.2984212636947632,0.4859398603439331,-0.042404767125844955,0.326305091381073,0.4598938524723053,-0.05617730692028999,0.3472980856895447,0.433373361825943,-0.018383869901299477,0.34133467078208923,0.34628623723983765,-0.03864547610282898,0.33444705605506897,0.29177364706993103,-0.05558321624994278,0.3294018507003784,0.2460526078939438,-0.0684063732624054,0.3756040632724762,0.4294517934322357,-0.0264304056763649,0.3688045144081116,0.3287907838821411,-0.04606159031391144,0.36167848110198975,0.2658359408378601,-0.06183021515607834,0.3553970754146576,0.2125038504600525,-0.07249010354280472,0.4055987596511841,0.44190919399261475,-0.03701745346188545,0.40161752700805664,0.34469079971313477,-0.05630087852478027,0.3971673250198364,0.2848356366157532,-0.06823493540287018,0.3927086293697357,0.23464931547641754,-0.075881727039814,0.43699225783348083,0.4695386290550232,-0.04947260767221451,0.44672268629074097,0.39590126276016235,-0.06576266884803772,0.4512256681919098,0.34719496965408325,-0.07276275008916855,0.45452553033828735,0.3031696379184723,-0.07703160494565964
hello,0.39022505283355713,0.6448694467544556,3.1160459457169054e-07,0.3392743468284607,0.6087509989738464,-0.016183210536837578,0.3036673069000244,0.5447567701339722,-0.02873680740594864,0.298761785030365,0.4865700900554657,-0.04203605279326439,0.32512378692626953,0.4608651399612427,-0.055770453065633774,0.3473583459854126,0.43336933851242065,-0.01841716468334198,0.34130340814590454,0.3461054861545563,-0.03869398683309555,0.33444473147392273,0.29135745763778687,-0.05566294118762016,0.3293062150478363,0.24550457298755646,-0.06848754733800888,0.37567320466041565,0.429512083530426,-0.026590287685394287,0.36892667412757874,0.3288877606391907,-0.04631112143397331,0.3618191182613373,0.26589715480804443,-0.06222030892968178,0.3554669916629791,0.21257725358009338,-0.0729576125741005,0.40566566586494446,0.44203639030456543,-0.03727027773857117,0.4017600119113922,0.3451032042503357,-0.05659003183245659,0.3972350060939789,0.28519564867019653,-0.0686393529176712,0.3926490545272827,0.23503659665584564,-0.07636719197034836,0.4370366036891937,0.4696550965309143,-0.04980495944619179,0.4468706250190735,0.39612358808517456,-0.06607850641012192,0.4513072073459625,0.34742462635040283,-0.07304967939853668,0.45444807410240173,0.3034716844558716,-0.07729737460613251
hello,0.3955551087856293,0.6433951258659363,3.209675298876391e-07,0.34388092160224915,0.6075504422187805,-0.018033737316727638,0.30909037590026855,0.5436261296272278,-0.03146328777074814,0.3024124205112457,0.4865450859069824,-0.04538026079535484,0.32945704460144043,0.45949655771255493,-0.05948924645781517,0.35277190804481506,0.4325768053531647,-0.019043628126382828,0.3460456430912018,0.34401997923851013,-0.04064228758215904,0.33968788385391235,0.28847765922546387,-0.05851854383945465,0.336244136095047,0.2414250522851944,-0.07168275117874146,0.3806734085083008,0.42858338356018066,-0.026123331859707832,0.3730805814266205,0.3283887207508087,-0.046351946890354156,0.36623141169548035,0.26506999135017395,-0.06217440217733383,0.3610835373401642,0.21053265035152435,-0.07275836914777756,0.4106646180152893,0.4407375454902649,-0.036040034145116806,0.40686652064323425,0.343666672706604,-0.0557871088385582,0.4027676284313202,0.28373485803604126,-0.0672197937965393,0.39904120564460754,0.23290924727916718,-0.07422127574682236,0.44199004769325256,0.46802428364753723,-0.048048753291368484,0.4519920349121094,0.39398300647735596,-0.0648132860660553,0.4563342332839966,0.3450544476509094,-0.0714954361319542,0.4591943025588989,0.30054718255996704,-0.07522879540920258
hello,0.39257851243019104,0.6433937549591064,3.3326125503663206e-07,0.34264013171195984,0.6075448989868164,-0.018304336816072464,0.30813679099082947,0.543828010559082,-0.0322335921227932,0.30183544754981995,0.4864206612110138,-0.04665372148156166,0.3310392200946808,0.46351638436317444,-0.06144212186336517,0.3532756567001343,0.43310970067977905,-0.02048495039343834,0.3473649322986603,0.3445116877555847,-0.04259144887328148,0.34095484018325806,0.2889449894428253,-0.0607750304043293,0.337006539106369,0.2417261004447937,-0.07425352185964584,0.3810834288597107,0.429872989654541,-0.02768099680542946,0.37374937534332275,0.32917872071266174,-0.04846740886569023,0.3670286536216736,0.26567521691322327,-0.064415343105793,0.36131104826927185,0.21051982045173645,-0.0751015841960907,0.41072097420692444,0.4425199329853058,-0.03766777366399765,0.4061167240142822,0.3455454409122467,-0.057906053960323334,0.40191057324409485,0.28619879484176636,-0.06936728209257126,0.3977626860141754,0.23574158549308777,-0.07626218348741531,0.44184398651123047,0.4698532223701477,-0.04979728162288666,0.4510144889354706,0.39535054564476013,-0.06666619330644608,0.4553717076778412,0.3467167019844055,-0.07353468984365463,0.45834583044052124,0.3025067448616028,-0.0774671882390976
hello,0.3939928412437439,0.6421798467636108,3.338853673540143e-07,0.3431895077228546,0.6061795949935913,-0.018541589379310608,0.3082280158996582,0.5431631803512573,-0.03277233988046646,0.30204713344573975,0.48704391717910767,-0.04736233130097389,0.33059370517730713,0.4626177251338959,-0.06222205609083176,0.35284852981567383,0.43287399411201477,-0.021515684202313423,0.34725049138069153,0.34382152557373047,-0.04371730983257294,0.34096193313598633,0.28783756494522095,-0.06169827654957771,0.33711034059524536,0.24070404469966888,-0.07485266029834747,0.380956768989563,0.42948731780052185,-0.028541643172502518,0.3742159307003021,0.3280882239341736,-0.049260132014751434,0.36791345477104187,0.26428574323654175,-0.0650576651096344,0.3628074824810028,0.20943425595760345,-0.0755394920706749,0.4108887314796448,0.44221237301826477,-0.03827548027038574,0.4061431288719177,0.34552091360092163,-0.05825861543416977,0.4015791118144989,0.28583645820617676,-0.06960060447454453,0.3972415328025818,0.23546625673770905,-0.07640779763460159,0.4422922134399414,0.46963727474212646,-0.05012833699584007,0.4514724910259247,0.3951927125453949,-0.06665369868278503,0.4557349383831024,0.34682682156562805,-0.07316399365663528,0.4586878716945648,0.3032224178314209,-0.0767529159784317
hello,0.3933931887149811,0.6426467895507812,3.3443009783695743e-07,0.34303343296051025,0.6069530844688416,-0.018792374059557915,0.3081916272640228,0.5440424680709839,-0.03328100964426994,0.3015008866786957,0.4879571199417114,-0.04809985309839249,0.3300195336341858,0.4633557200431824,-0.06319412589073181,0.35286617279052734,0.43320509791374207,-0.02178630791604519,0.3470993936061859,0.3441329598426819,-0.04441528394818306,0.3408348262310028,0.28832733631134033,-0.06277275830507278,0.33704057335853577,0.24117131531238556,-0.07620438188314438,0.38084933161735535,0.42973315715789795,-0.02879714034497738,0.373843252658844,0.3286595940589905,-0.04987473785877228,0.36734703183174133,0.2651762366294861,-0.06584248691797256,0.3618791997432709,0.21016600728034973,-0.0764581710100174,0.4107268452644348,0.4424256384372711,-0.038575537502765656,0.40605974197387695,0.34519830346107483,-0.05892614647746086,0.4016192555427551,0.28580066561698914,-0.0702492743730545,0.39725181460380554,0.23526668548583984,-0.077010877430439,0.4421323537826538,0.47001412510871887,-0.050496432930231094,0.4513106644153595,0.3953050971031189,-0.06737508624792099,0.45558735728263855,0.346859335899353,-0.07400236278772354,0.45840972661972046,0.302848756313324,-0.07766760140657425
hello,0.3971324861049652,0.6449307203292847,3.253293243687949e-07,0.34584662318229675,0.6062494516372681,-0.018705129623413086,0.3129415214061737,0.5392732620239258,-0.03258340433239937,0.3097318112850189,0.48039114475250244,-0.0467308945953846,0.33848604559898376,0.45310381054878235,-0.06103081256151199,0.35600873827934265,0.43276017904281616,-0.020930329337716103,0.3505069613456726,0.3437940776348114,-0.043188098818063736,0.3443622589111328,0.2877236008644104,-0.06126236543059349,0.34095484018325806,0.2403298169374466,-0.07454854995012283,0.38445329666137695,0.4291035234928131,-0.027996255084872246,0.37745898962020874,0.32820338010787964,-0.04901435226202011,0.3702073097229004,0.2641305923461914,-0.06516988575458527,0.36474519968032837,0.20880377292633057,-0.07587267458438873,0.41473621129989624,0.4422069787979126,-0.037830401211977005,0.4111747443675995,0.34429463744163513,-0.058221641927957535,0.40619951486587524,0.2841346263885498,-0.06987526267766953,0.40182411670684814,0.23309895396232605,-0.07697804272174835,0.44611871242523193,0.47075456380844116,-0.0497807152569294,0.4566143751144409,0.3971317410469055,-0.06712450832128525,0.46066734194755554,0.347847580909729,-0.07418335974216461,0.4632265865802765,0.3029173016548157,-0.07813849300146103
hello,0.39582154154777527,0.6461871266365051,3.4911155921690806e-07,0.34533554315567017,0.6068369150161743,-0.019296493381261826,0.31222912669181824,0.5400179028511047,-0.03399099409580231,0.3089226186275482,0.47938424348831177,-0.04877927899360657,0.3399496376514435,0.4547003209590912,-0.06375650316476822,0.3560754060745239,0.4313647150993347,-0.021967198699712753,0.3513221740722656,0.3424723148345947,-0.044027648866176605,0.3452998101711273,0.2872523069381714,-0.06196228787302971,0.34163805842399597,0.24005913734436035,-0.07532821595668793,0.38509654998779297,0.42877712845802307,-0.028990043327212334,0.37931162118911743,0.32723668217658997,-0.04975070804357529,0.37289267778396606,0.2635403871536255,-0.06584464013576508,0.3677442669868469,0.20829910039901733,-0.07668377459049225,0.4152540862560272,0.443015992641449,-0.03877449035644531,0.41203293204307556,0.34774720668792725,-0.0586932934820652,0.40734243392944336,0.28799134492874146,-0.07048562914133072,0.40291905403137207,0.23689723014831543,-0.07793208956718445,0.44626036286354065,0.4722563624382019,-0.05075003579258919,0.45588812232017517,0.3989582359790802,-0.06730159372091293,0.46001294255256653,0.3499284088611603,-0.07438553124666214,0.4628840684890747,0.3048805892467499,-0.07871481776237488
hello,0.3960396945476532,0.6467879414558411,3.4361696066298464e-07,0.34497952461242676,0.6066030263900757,-0.019245844334363937,0.311920702457428,0.5400981903076172,-0.034046441316604614,0.30871015787124634,0.47992661595344543,-0.04897761717438698,0.33908259868621826,0.4543353021144867,-0.06411831825971603,0.35592252016067505,0.43138378858566284,-0.022065963596105576,0.3514719307422638,0.3420948386192322,-0.044275663793087006,0.34557849168777466,0.2864627242088318,-0.06233686953783035,0.3418915271759033,0.23882535099983215,-0.07575559616088867,0.3851756453514099,0.42888593673706055,-0.02919367514550686,0.3801250755786896,0.3269348740577698,-0.049980271607637405,0.37384283542633057,0.2630406618118286,-0.06621162593364716,0.36854901909828186,0.20758868753910065,-0.07720229029655457,0.41543200612068176,0.4431069493293762,-0.039066482335329056,0.4124577045440674,0.3480440080165863,-0.05886735022068024,0.4075685739517212,0.28805622458457947,-0.07067611813545227,0.4027634263038635,0.23697073757648468,-0.07819768786430359,0.4465305805206299,0.4722096621990204,-0.051142480224370956,0.4562099277973175,0.3986550569534302,-0.06754876673221588,0.46023955941200256,0.34935522079467773,-0.07450556010007858,0.4629146158695221,0.30441710352897644,-0.07876411080360413
hello,0.3964385986328125,0.6471675634384155,3.4407707971695345e-07,0.34523823857307434,0.6064676642417908,-0.019229114055633545,0.31195396184921265,0.5398477911949158,-0.03403694927692413,0.3087038993835449,0.4793228209018707,-0.049006152898073196,0.33953946828842163,0.45369070768356323,-0.0641745775938034,0.3560318946838379,0.4314038157463074,-0.021884551271796227,0.35155707597732544,0.34208494424819946,-0.04405061900615692,0.3456200957298279,0.28647053241729736,-0.062106214463710785,0.3418926000595093,0.23874934017658234,-0.07554907351732254,0.38518235087394714,0.42891421914100647,-0.02903810888528824,0.3800329566001892,0.32692158222198486,-0.04984079301357269,0.37373536825180054,0.26302188634872437,-0.06608237326145172,0.3684781491756439,0.20755082368850708,-0.07708899676799774,0.4153667390346527,0.4431171715259552,-0.03895445168018341,0.41240739822387695,0.3480268120765686,-0.05880868434906006,0.407587468624115,0.2879721522331238,-0.07066702097654343,0.4028577506542206,0.2368963360786438,-0.07822122424840927,0.44644710421562195,0.47217127680778503,-0.051079053431749344,0.45618879795074463,0.39859938621520996,-0.06755178421735764,0.4602929949760437,0.34916988015174866,-0.07458683848381042,0.4630572199821472,0.30416664481163025,-0.07890693098306656
hello,0.39706432819366455,0.6502597332000732,3.3524310083521414e-07,0.34627845883369446,0.6100467443466187,-0.01875985972583294,0.3131776452064514,0.5398301482200623,-0.032169267535209656,0.31331926584243774,0.47709810733795166,-0.045867208391427994,0.3469342887401581,0.45417851209640503,-0.05979248508810997,0.356815904378891,0.4325215518474579,-0.020167367532849312,0.35347992181777954,0.344238817691803,-0.04203743487596512,0.34829264879226685,0.28797832131385803,-0.060350965708494186,0.34526386857032776,0.23971515893936157,-0.07422195374965668,0.38588377833366394,0.4297429621219635,-0.027331219986081123,0.3813120424747467,0.32920050621032715,-0.047744814306497574,0.37496522068977356,0.2646806836128235,-0.0640309527516365,0.3693156838417053,0.20811127126216888,-0.0751221626996994,0.41641589999198914,0.4441366195678711,-0.0372806042432785,0.4138847291469574,0.34837108850479126,-0.05709471553564072,0.40944230556488037,0.288523405790329,-0.06882110238075256,0.4048697054386139,0.23714099824428558,-0.07620613276958466,0.44797760248184204,0.47392335534095764,-0.0495089590549469,0.4585952162742615,0.4017852246761322,-0.06636987626552582,0.4627401828765869,0.352846622467041,-0.07350922375917435,0.46535253524780273,0.308457612991333,-0.07779284566640854
hello,0.39809414744377136,0.6501106023788452,3.491758207019302e-07,0.34678342938423157,0.6106705665588379,-0.019105985760688782,0.3130132555961609,0.5418608784675598,-0.03322848677635193,0.3122221827507019,0.47951841354370117,-0.0474768728017807,0.34565770626068115,0.4561918079853058,-0.06200817972421646,0.3573155999183655,0.4333608150482178,-0.021902790293097496,0.3540714979171753,0.3443603515625,-0.04425743967294693,0.3488446772098541,0.2878309488296509,-0.06272497773170471,0.3457120358943939,0.23960956931114197,-0.07655321061611176,0.38664710521698,0.4304632544517517,-0.028899554163217545,0.3822404444217682,0.3285888433456421,-0.04949601739645004,0.37651777267456055,0.2638784945011139,-0.06567642837762833,0.37129202485084534,0.20753979682922363,-0.07671694457530975,0.417244553565979,0.44423583149909973,-0.03863238915801048,0.4144870638847351,0.3486591577529907,-0.05834910273551941,0.4099334478378296,0.2882329225540161,-0.07017656415700912,0.40515032410621643,0.23683583736419678,-0.07770577818155289,0.4489121437072754,0.4730077087879181,-0.05062305927276611,0.4591844081878662,0.3997226655483246,-0.0671253502368927,0.46376121044158936,0.3507034480571747,-0.07420340180397034,0.46688592433929443,0.3064117431640625,-0.07854296267032623
hello,0.39858314394950867,0.6501212120056152,3.492779683256231e-07,0.347099244594574,0.6107301712036133,-0.019100068137049675,0.3130549192428589,0.541722297668457,-0.03316079452633858,0.3122876286506653,0.4788995683193207,-0.047350164502859116,0.34607574343681335,0.45574870705604553,-0.06178031489253044,0.35728132724761963,0.4329385757446289,-0.021609686315059662,0.3539050221443176,0.3439938426017761,-0.04380621016025543,0.34862351417541504,0.2875628173351288,-0.062217649072408676,0.3454205095767975,0.23929463326931,-0.07607019692659378,0.38660895824432373,0.43004053831100464,-0.028587626293301582,0.3820606470108032,0.3283997178077698,-0.04904300346970558,0.3762361705303192,0.26389187574386597,-0.06516505777835846,0.37093162536621094,0.20761696994304657,-0.07620710879564285,0.4172224998474121,0.4438847303390503,-0.038321636617183685,0.414458304643631,0.34852975606918335,-0.05796108767390251,0.40998387336730957,0.2883068919181824,-0.06975581496953964,0.40524721145629883,0.23705674707889557,-0.07728929817676544,0.44893598556518555,0.47277918457984924,-0.05032927170395851,0.4594306945800781,0.3997097611427307,-0.0668020099401474,0.46408209204673767,0.35068613290786743,-0.07392348349094391,0.4672602117061615,0.3063451051712036,-0.07832279056310654
hello,0.3981691896915436,0.6501477956771851,3.4929624348478683e-07,0.34689125418663025,0.6108198165893555,-0.019158901646733284,0.3128887414932251,0.5419224500656128,-0.03326055407524109,0.3119823932647705,0.4789963662624359,-0.047493159770965576,0.34593161940574646,0.45590704679489136,-0.06194589287042618,0.35721197724342346,0.43292245268821716,-0.021577943116426468,0.35375654697418213,0.34397345781326294,-0.043806854635477066,0.34840062260627747,0.28760790824890137,-0.062266599386930466,0.3451686203479767,0.23931942880153656,-0.0761738047003746,0.386516273021698,0.43009230494499207,-0.02855168841779232,0.38183608651161194,0.32861578464508057,-0.04900834709405899,0.3759523332118988,0.26419371366500854,-0.06511377543210983,0.37061166763305664,0.20777900516986847,-0.07615407556295395,0.41712087392807007,0.4440108835697174,-0.038299158215522766,0.4143727123737335,0.34867048263549805,-0.0579531267285347,0.4099922776222229,0.2886316776275635,-0.06964222341775894,0.4053111970424652,0.23734699189662933,-0.07710403203964233,0.44884058833122253,0.473060667514801,-0.05034038797020912,0.4593883156776428,0.4003068506717682,-0.06684990227222443,0.46398717164993286,0.3513259291648865,-0.07394620776176453,0.4670569896697998,0.3068745732307434,-0.07832322269678116
hello,0.3979760408401489,0.6493695974349976,3.4532391168795584e-07,0.3472656011581421,0.6084772348403931,-0.0197040606290102,0.3150453567504883,0.5394091010093689,-0.034132812172174454,0.31425851583480835,0.47657379508018494,-0.04863080382347107,0.347340852022171,0.4515715539455414,-0.06332781910896301,0.3587534427642822,0.4336468279361725,-0.022368449717760086,0.3548471927642822,0.3441152572631836,-0.04458202049136162,0.34912359714508057,0.28778281807899475,-0.06264722347259521,0.34573137760162354,0.23927991092205048,-0.0763024315237999,0.38755714893341064,0.43110406398773193,-0.02920408919453621,0.38262590765953064,0.3293834924697876,-0.050153009593486786,0.376589834690094,0.264963299036026,-0.06646216660737991,0.3715737462043762,0.2085692435503006,-0.07763446867465973,0.41764819622039795,0.44528865814208984,-0.038821108639240265,0.41511768102645874,0.34906286001205444,-0.059097424149513245,0.4111167788505554,0.2890518009662628,-0.07109949737787247,0.4072027802467346,0.23772485554218292,-0.07876387238502502,0.4489896297454834,0.4742804169654846,-0.050706036388874054,0.4598609209060669,0.4013908803462982,-0.06800106167793274,0.46475541591644287,0.3516676425933838,-0.0756426453590393,0.4682592749595642,0.3066340386867523,-0.08035936951637268
hello,0.39710602164268494,0.6490439772605896,3.47032113268142e-07,0.34674060344696045,0.6087704300880432,-0.020153341814875603,0.31473904848098755,0.5408366918563843,-0.034985944628715515,0.3125627040863037,0.479009747505188,-0.049696244299411774,0.3438560962677002,0.4530380666255951,-0.06450903415679932,0.3592991530895233,0.4330635964870453,-0.022715041413903236,0.35559964179992676,0.3434253931045532,-0.04471976310014725,0.349566251039505,0.2873821556568146,-0.06253112107515335,0.3456486463546753,0.23960734903812408,-0.07592395693063736,0.3884051442146301,0.430697500705719,-0.029335252940654755,0.3841142952442169,0.32857972383499146,-0.05009125918149948,0.37801593542099,0.2643083930015564,-0.06634779274463654,0.37273597717285156,0.20861661434173584,-0.07747355103492737,0.41846293210983276,0.44505923986434937,-0.03876319155097008,0.41645169258117676,0.3492322266101837,-0.05875999107956886,0.4121062159538269,0.2889103889465332,-0.07089787721633911,0.4077223837375641,0.23756089806556702,-0.07873859256505966,0.4493309259414673,0.4742066264152527,-0.05045091733336449,0.460146427154541,0.4011876881122589,-0.06739415228366852,0.4650138020515442,0.3516869843006134,-0.07496467232704163,0.46852436661720276,0.3067919909954071,-0.07968460768461227
hello,0.3974628448486328,0.6492536664009094,3.4905013990282896e-07,0.3462759852409363,0.6086859703063965,-0.020931480452418327,0.3141958713531494,0.5402323007583618,-0.03621141240000725,0.3129253089427948,0.4786558747291565,-0.051219455897808075,0.3444477617740631,0.4523618817329407,-0.06635156273841858,0.3596116006374359,0.4335428774356842,-0.024313442409038544,0.35581105947494507,0.3431757688522339,-0.04698849469423294,0.35003405809402466,0.28653019666671753,-0.0651288703083992,0.3464047908782959,0.2382095456123352,-0.07863093167543411,0.38882869482040405,0.4312672019004822,-0.03065543994307518,0.38482990860939026,0.3289045989513397,-0.05202757939696312,0.37880590558052063,0.26417821645736694,-0.06853488087654114,0.3736152946949005,0.20798729360103607,-0.0797903835773468,0.4188278317451477,0.4455072581768036,-0.039827972650527954,0.4169254004955292,0.34989169239997864,-0.060249608010053635,0.41236647963523865,0.2891814708709717,-0.07262161374092102,0.4078405201435089,0.23770426213741302,-0.08055702596902847,0.4495052397251129,0.47429439425468445,-0.0513138473033905,0.4603758156299591,0.40079808235168457,-0.0684814378619194,0.4654155671596527,0.3509477376937866,-0.07620731741189957,0.4691929817199707,0.305793434381485,-0.08101852238178253
hello,0.3973986804485321,0.6491484045982361,3.4636948953448154e-07,0.34624341130256653,0.6085444688796997,-0.020507769659161568,0.3141997158527374,0.5400136709213257,-0.03546692430973053,0.31311583518981934,0.4782797694206238,-0.05022197216749191,0.3447224497795105,0.4523703455924988,-0.06511472165584564,0.35941463708877563,0.43326738476753235,-0.023600485175848007,0.3556723892688751,0.3432507812976837,-0.04587471857666969,0.3498780429363251,0.2867696285247803,-0.06378264725208282,0.3461785316467285,0.2385348677635193,-0.0771898403763771,0.38870105147361755,0.43094491958618164,-0.03007190115749836,0.3846683204174042,0.32876092195510864,-0.05109037086367607,0.3786495625972748,0.2641739845275879,-0.06747061759233475,0.37345999479293823,0.208091601729393,-0.07867875695228577,0.41876932978630066,0.44522222876548767,-0.039339568465948105,0.4168437421321869,0.349727600812912,-0.059513334184885025,0.412279337644577,0.2891086935997009,-0.07184683531522751,0.40774011611938477,0.237664595246315,-0.07980141043663025,0.4495309889316559,0.4740625321865082,-0.050884757190942764,0.46031567454338074,0.4007059633731842,-0.06791374832391739,0.4652981460094452,0.35098496079444885,-0.0755937322974205,0.46902239322662354,0.305955708026886,-0.08039578050374985
