no,0.673658549785614,0.6205735206604004,-3.668320687211235e-07,0.6245234608650208,0.626251220703125,-0.0326184406876564,0.5758585929870605,0.6172558665275574,-0.054790932685136795,0.5603635907173157,0.6076016426086426,-0.07205693423748016,0.5923575758934021,0.6053120493888855,-0.08404117077589035,0.5777878165245056,0.47279950976371765,-0.035137057304382324,0.5785872936248779,0.5571456551551819,-0.06034184247255325,0.5904042720794678,0.5956603288650513,-0.0732116848230362,0.5937147736549377,0.5838340520858765,-0.08137137442827225,0.6216470003128052,0.4621451199054718,-0.03237947076559067,0.6206323504447937,0.5658270716667175,-0.054420486092567444,0.6260303258895874,0.5959340929985046,-0.056438248604536057,0.6241645812988281,0.5752009153366089,-0.05568641424179077,0.6644166707992554,0.4719463884830475,-0.03373369574546814,0.66029292345047,0.5697975158691406,-0.052593592554330826,0.6602742671966553,0.5911611914634705,-0.04420912638306618,0.6579554677009583,0.5677566528320312,-0.036096107214689255,0.7016186714172363,0.4923976957798004,-0.03918613865971565,0.6928049921989441,0.5681934356689453,-0.04985075443983078,0.6916660070419312,0.583267092704773,-0.04512167349457741,0.6919909119606018,0.562065064907074,-0.03885539621114731
no,0.6806433796882629,0.622393012046814,-3.7201596114755375e-07,0.6285150051116943,0.6272477507591248,-0.030207449570298195,0.578632116317749,0.619334876537323,-0.051675621420145035,0.5616977214813232,0.6092221736907959,-0.0686476081609726,0.5920411348342896,0.6037588119506836,-0.08037116378545761,0.5804657936096191,0.4740660786628723,-0.0342119075357914,0.5792730450630188,0.5564325451850891,-0.058233968913555145,0.5924127101898193,0.5935701131820679,-0.07003466039896011,0.5967544913291931,0.5806488394737244,-0.07757515460252762,0.6235039830207825,0.46395450830459595,-0.03247641399502754,0.6216270923614502,0.5671553015708923,-0.053926486521959305,0.6282274723052979,0.5971343517303467,-0.05564328283071518,0.6279361248016357,0.5787060260772705,-0.054759543389081955,0.6661430597305298,0.47333598136901855,-0.03450305387377739,0.6613265872001648,0.5710195302963257,-0.05305179953575134,0.6629431247711182,0.591381311416626,-0.04488401859998703,0.6621136665344238,0.5684517621994019,-0.036966722458601,0.703966498374939,0.4932175874710083,-0.040311072021722794,0.6942324638366699,0.5680033564567566,-0.05061902105808258,0.6942753195762634,0.5830835103988647,-0.0457802340388298,0.6957090497016907,0.5624479055404663,-0.03945334255695343
no,0.6769679188728333,0.6259273886680603,-3.951680582758854e-07,0.6274832487106323,0.6292477250099182,-0.03199920058250427,0.5783684253692627,0.6201278567314148,-0.05379238352179527,0.5612466335296631,0.6081627607345581,-0.0708247646689415,0.591559648513794,0.6023319959640503,-0.082612045109272,0.5788431167602539,0.47649264335632324,-0.03575374186038971,0.5782703757286072,0.5547860264778137,-0.06029642000794411,0.5928537845611572,0.5946211218833923,-0.07193584740161896,0.5984743237495422,0.587593674659729,-0.07897777110338211,0.6222606897354126,0.4643302261829376,-0.03321612998843193,0.6211386919021606,0.5646144151687622,-0.054960254579782486,0.6276267170906067,0.5981389284133911,-0.05660099536180496,0.6272128820419312,0.584744393825531,-0.055453892797231674,0.6650283336639404,0.4732317626476288,-0.03465096279978752,0.6618130207061768,0.5704368352890015,-0.054035935550928116,0.6628970503807068,0.5934821367263794,-0.046539440751075745,0.6619354486465454,0.5739406943321228,-0.03879034146666527,0.7029401063919067,0.49284231662750244,-0.03995618224143982,0.6949653625488281,0.5680779218673706,-0.050934769213199615,0.6946958899497986,0.5849194526672363,-0.04646532982587814,0.6959764361381531,0.5675801634788513,-0.04026242345571518
no,0.6788896918296814,0.6267890930175781,-4.0065256712296105e-07,0.6290417909622192,0.6305230855941772,-0.03153158724308014,0.5796424746513367,0.6213148832321167,-0.05319778248667717,0.5613834261894226,0.6082748770713806,-0.07012397050857544,0.5907755494117737,0.6018596291542053,-0.08174526691436768,0.5793507695198059,0.47677356004714966,-0.035316068679094315,0.5775877237319946,0.5540066361427307,-0.05963690206408501,0.5925450921058655,0.5945078134536743,-0.07107530534267426,0.5992289185523987,0.5881965160369873,-0.07794182002544403,0.6228436231613159,0.46459299325942993,-0.032851725816726685,0.6207436919212341,0.563654363155365,-0.0541902594268322,0.6275854110717773,0.5981349349021912,-0.05579838156700134,0.6279927492141724,0.5856241583824158,-0.05470443144440651,0.6655804514884949,0.4733397662639618,-0.03425990045070648,0.6614730358123779,0.5693443417549133,-0.05328865721821785,0.662825345993042,0.5933370590209961,-0.04583137854933739,0.6623119711875916,0.574627697467804,-0.03823552653193474,0.7035714387893677,0.49280261993408203,-0.039460647851228714,0.6944881677627563,0.5667737722396851,-0.050077781081199646,0.6941632628440857,0.5850890874862671,-0.04539613798260689,0.695591390132904,0.5690152645111084,-0.03908855840563774
no,0.67796790599823,0.6260471343994141,-3.94618751897724e-07,0.6284564137458801,0.6296510100364685,-0.032291460782289505,0.5789319276809692,0.6204137206077576,-0.054441243410110474,0.5610729455947876,0.6081510782241821,-0.07169562578201294,0.5906606912612915,0.6027209758758545,-0.08366019278764725,0.5793643593788147,0.47700241208076477,-0.03675888851284981,0.577988862991333,0.5542947053909302,-0.06126496568322182,0.5928992629051208,0.5946686267852783,-0.0725657194852829,0.5994587540626526,0.5888336896896362,-0.07933428138494492,0.6229342818260193,0.46471142768859863,-0.03399176523089409,0.6208968162536621,0.5636395215988159,-0.055612415075302124,0.6279275417327881,0.5979936122894287,-0.05701756104826927,0.6284381747245789,0.5858293175697327,-0.05581721290946007,0.665707528591156,0.4734218716621399,-0.03513931855559349,0.6615687608718872,0.5692185759544373,-0.05436447262763977,0.6629700064659119,0.5929315686225891,-0.04682515561580658,0.66250079870224,0.574404776096344,-0.039224427193403244,0.703742504119873,0.49282902479171753,-0.04013649374246597,0.6947266459465027,0.5666146278381348,-0.0509600006043911,0.6945133209228516,0.5846558213233948,-0.04640702158212662,0.696033775806427,0.5687847137451172,-0.040262993425130844
no,0.6791321635246277,0.626534104347229,-3.9766962345311185e-07,0.6291756629943848,0.6300586462020874,-0.03192129731178284,0.5796104073524475,0.6207621693611145,-0.0538940392434597,0.5614514350891113,0.6082101464271545,-0.07104841619729996,0.5907261967658997,0.6024532318115234,-0.08287099003791809,0.5794409513473511,0.47669467329978943,-0.03617715463042259,0.577746570110321,0.5538211464881897,-0.06057855114340782,0.5928881168365479,0.5945426821708679,-0.07184304296970367,0.5996091961860657,0.5886228084564209,-0.07859659194946289,0.6229820847511292,0.4644610285758972,-0.03359222412109375,0.6207630634307861,0.5633978247642517,-0.05510213226079941,0.6280567646026611,0.5979325175285339,-0.056524377316236496,0.6287758946418762,0.5855842232704163,-0.05533137544989586,0.665747344493866,0.4731825888156891,-0.034899644553661346,0.6615179777145386,0.569111168384552,-0.05400129035115242,0.6632369160652161,0.593032956123352,-0.04642331972718239,0.6629799604415894,0.5743475556373596,-0.0388152115046978,0.7038267850875854,0.49261483550071716,-0.04003436490893364,0.6946930289268494,0.5665674209594727,-0.05067852884531021,0.6946654915809631,0.5848507881164551,-0.04600099101662636,0.6963208913803101,0.5688855051994324,-0.039772890508174896
no,0.6827993392944336,0.6266667246818542,-3.4591948860906996e-07,0.6304436922073364,0.6307392716407776,-0.029896467924118042,0.5803104043006897,0.6221474409103394,-0.05156128853559494,0.562199056148529,0.6132164597511292,-0.06864403188228607,0.5925740599632263,0.6091199517250061,-0.08057933300733566,0.580019474029541,0.4783450961112976,-0.03385717049241066,0.5787504315376282,0.5619308352470398,-0.05902452394366264,0.5925726294517517,0.5969479084014893,-0.07248006761074066,0.5975212454795837,0.5806540846824646,-0.08139621466398239,0.6226291060447693,0.4676035940647125,-0.03240789473056793,0.6204203963279724,0.5687875747680664,-0.05394144356250763,0.6277977228164673,0.5962421894073486,-0.056384358555078506,0.6272740364074707,0.5740997791290283,-0.0565437413752079,0.6654840111732483,0.4765627384185791,-0.034768760204315186,0.6605748534202576,0.5731707215309143,-0.053131431341171265,0.6631897687911987,0.593965470790863,-0.04493353143334389,0.6626232266426086,0.5708785653114319,-0.0374508835375309,0.7038657665252686,0.4959397315979004,-0.04098396375775337,0.6939138174057007,0.571639895439148,-0.051190514117479324,0.6953754425048828,0.5854766964912415,-0.046614471822977066,0.697171688079834,0.5635390281677246,-0.040895819664001465
no,0.6770778298377991,0.6366992592811584,-4.2133973465752206e-07,0.6273112893104553,0.6386692523956299,-0.029834778979420662,0.5762022137641907,0.6259607076644897,-0.049602728337049484,0.5588602423667908,0.6125233769416809,-0.06508592516183853,0.5886515974998474,0.6090766191482544,-0.07554739713668823,0.5783011317253113,0.4815494120121002,-0.031898584216833115,0.5785771608352661,0.555137574672699,-0.055057093501091,0.5906103849411011,0.5957039594650269,-0.06568517535924911,0.5938237905502319,0.5881686210632324,-0.07225944846868515,0.6216320395469666,0.4698638319969177,-0.03020169772207737,0.620258629322052,0.5660266876220703,-0.05111132934689522,0.6247301697731018,0.6010882258415222,-0.05227261036634445,0.6220267415046692,0.5872346758842468,-0.050677984952926636,0.6643462777137756,0.47942596673965454,-0.03242257237434387,0.6601789593696594,0.5735487937927246,-0.051014311611652374,0.6598795652389526,0.6002225875854492,-0.043265651911497116,0.6577633023262024,0.5829946994781494,-0.03528211638331413,0.7019196152687073,0.49946698546409607,-0.03840697556734085,0.6936261057853699,0.5729469060897827,-0.04866214096546173,0.6918691992759705,0.5929626226425171,-0.044116176664829254,0.6917588710784912,0.5785535573959351,-0.0379062220454216
no,0.6750347018241882,0.6329985857009888,-3.998693500761874e-07,0.6251919865608215,0.6355999112129211,-0.031232109293341637,0.5758883357048035,0.6244741678237915,-0.052305784076452255,0.5590962171554565,0.612295389175415,-0.06859182566404343,0.5880132913589478,0.6076825857162476,-0.07964060455560684,0.5796497464179993,0.4816436767578125,-0.034731484949588776,0.5784122347831726,0.5571287274360657,-0.057837121188640594,0.5902546048164368,0.5970261693000793,-0.06817729771137238,0.5945256352424622,0.5881767868995667,-0.07464597374200821,0.6230643391609192,0.47097495198249817,-0.032345447689294815,0.6206067204475403,0.568580687046051,-0.05332712084054947,0.6247678399085999,0.6018466353416443,-0.05472813546657562,0.6229057312011719,0.5864976644515991,-0.0535682812333107,0.6653088331222534,0.4806773066520691,-0.03371215984225273,0.6596797704696655,0.5758333802223206,-0.052215576171875,0.659450888633728,0.6003403663635254,-0.0444369912147522,0.6578524112701416,0.5811271071434021,-0.03676207736134529,0.7023139595985413,0.5005087852478027,-0.03888458386063576,0.6921595335006714,0.5745888948440552,-0.04934535175561905,0.6908475160598755,0.5935865044593811,-0.044721562415361404,0.6912524700164795,0.5777316093444824,-0.038596417754888535
no,0.6752485036849976,0.6335844397544861,-3.867502584853355e-07,0.6253134608268738,0.6359830498695374,-0.031239328905940056,0.5767168998718262,0.6252011656761169,-0.052582573145627975,0.5596597790718079,0.6134352684020996,-0.06915707141160965,0.5874660015106201,0.6085509061813354,-0.08047807216644287,0.5793921947479248,0.4815964698791504,-0.03468172624707222,0.5779587626457214,0.5563806295394897,-0.05823496729135513,0.5898764729499817,0.5954537391662598,-0.0690065324306488,0.5941553711891174,0.5857127904891968,-0.0757145807147026,0.6228291392326355,0.4709121584892273,-0.03243715688586235,0.6205001473426819,0.5673949122428894,-0.05368181690573692,0.6248450875282288,0.6000569462776184,-0.055452611297369,0.6228539347648621,0.5840646028518677,-0.05449342355132103,0.6651763319969177,0.48054438829421997,-0.03395238518714905,0.6597068905830383,0.5749533176422119,-0.05259030684828758,0.6598562598228455,0.5990722179412842,-0.04485074803233147,0.6581165194511414,0.5790365934371948,-0.037208329886198044,0.702268660068512,0.5002685785293579,-0.03927522897720337,0.6922160983085632,0.5742020606994629,-0.04970269650220871,0.6911715269088745,0.5931956171989441,-0.04495153948664665,0.6915043592453003,0.5766027569770813,-0.03870440647006035
no,0.6751912236213684,0.633582353591919,-3.891706228387193e-07,0.6251518130302429,0.6360462307929993,-0.03101297654211521,0.5762906074523926,0.6249664425849915,-0.05214216932654381,0.5598942041397095,0.6133049726486206,-0.06853993237018585,0.5883000493049622,0.6089839935302734,-0.07971194386482239,0.5792666077613831,0.4817313551902771,-0.03447500243782997,0.5779245495796204,0.5564787983894348,-0.05793165788054466,0.5899413824081421,0.5958367586135864,-0.0686250776052475,0.5942214727401733,0.5861040949821472,-0.07530605792999268,0.6227018237113953,0.47086217999458313,-0.03232195973396301,0.6204637289047241,0.5672590136528015,-0.05347530543804169,0.62494295835495,0.6002534031867981,-0.05513378605246544,0.6230216026306152,0.584284245967865,-0.05410652235150337,0.6650670766830444,0.48042356967926025,-0.033923130482435226,0.6597727537155151,0.5747531056404114,-0.052484139800071716,0.6598109602928162,0.5992287397384644,-0.04474123939871788,0.6579678058624268,0.5792796611785889,-0.037115659564733505,0.7022093534469604,0.5001474022865295,-0.039316143840551376,0.6922101378440857,0.5740385055541992,-0.049720555543899536,0.6910780668258667,0.5932534337043762,-0.04500860720872879,0.6913808584213257,0.5767850875854492,-0.03881155326962471
no,0.6863760352134705,0.6481557488441467,-3.9201006529765436e-07,0.6390995979309082,0.6513732075691223,-0.03119056485593319,0.5950057506561279,0.639439046382904,-0.05283203721046448,0.5668689608573914,0.6238021850585938,-0.0702928975224495,0.5752061605453491,0.6063045263290405,-0.08217847347259521,0.5834289789199829,0.48279187083244324,-0.0270160473883152,0.5775328874588013,0.5564855337142944,-0.05453042685985565,0.5920839905738831,0.5948761105537415,-0.07047715038061142,0.5995125770568848,0.5802954435348511,-0.07993472367525101,0.623094379901886,0.4722951650619507,-0.02515600621700287,0.6153028011322021,0.5581331253051758,-0.049278877675533295,0.625407874584198,0.5949544906616211,-0.053870562463998795,0.6283714175224304,0.5778582692146301,-0.053853269666433334,0.6632518768310547,0.4799676537513733,-0.027759794145822525,0.6539144515991211,0.5617541074752808,-0.04846160486340523,0.6590052843093872,0.5955313444137573,-0.04060417413711548,0.6605569124221802,0.5781480669975281,-0.03221505135297775,0.7004554867744446,0.49820995330810547,-0.03432611748576164,0.6898385286331177,0.5632207989692688,-0.04389486461877823,0.6925197243690491,0.5895410776138306,-0.03810572996735573,0.6960663199424744,0.574497640132904,-0.030840707942843437
no,0.6807138323783875,0.6731939315795898,-5.090849413136311e-07,0.6309094429016113,0.6668416261672974,-0.016138048842549324,0.5766061544418335,0.6394663453102112,-0.025495974346995354,0.5481810569763184,0.6082329750061035,-0.03555752709507942,0.5634824633598328,0.5869854092597961,-0.04132561385631561,0.5878824591636658,0.5264347791671753,0.0008617289131507277,0.5699450373649597,0.5125354528427124,-0.026205724105238914,0.5797966122627258,0.5637696981430054,-0.040854427963495255,0.5908976197242737,0.5844394564628601,-0.047238174825906754,0.6215572357177734,0.5119271874427795,-0.0033146420028060675,0.6055653691291809,0.5107280611991882,-0.03030679002404213,0.6132311820983887,0.5713881254196167,-0.03376739099621773,0.6208257675170898,0.582893431186676,-0.028826648369431496,0.6564365029335022,0.5103806853294373,-0.013278658501803875,0.6436653137207031,0.5194382071495056,-0.037615593522787094,0.6475179195404053,0.5755437612533569,-0.028997287154197693,0.6519836187362671,0.5813599824905396,-0.01655089296400547,0.6933313608169556,0.5175480246543884,-0.025611232966184616,0.6780649423599243,0.5236503481864929,-0.03558572009205818,0.67645663022995,0.5698345303535461,-0.026440421119332314,0.6783822178840637,0.5776764750480652,-0.01604457199573517
no,0.6855452060699463,0.6719363927841187,-4.66614153538103e-07,0.6335116624832153,0.6667680144309998,-0.013534513302147388,0.577035129070282,0.6391966938972473,-0.021044708788394928,0.5481598377227783,0.605786144733429,-0.02995980903506279,0.5629304647445679,0.5833485722541809,-0.034618303179740906,0.5889679789543152,0.5357316732406616,0.0033064724411815405,0.5708780884742737,0.5117542743682861,-0.023168571293354034,0.5807076096534729,0.563525378704071,-0.03625715523958206,0.5913861393928528,0.5850602388381958,-0.041162118315696716,0.6226592063903809,0.5222151279449463,-0.0016881765332072973,0.6065031290054321,0.5076717734336853,-0.029882201924920082,0.6137964129447937,0.5698651671409607,-0.03304272145032883,0.6215180158615112,0.5846679210662842,-0.02683579921722412,0.657237708568573,0.5195111036300659,-0.012201333418488503,0.6432964205741882,0.5147591829299927,-0.038465466350317,0.6478222608566284,0.5729151368141174,-0.029630545526742935,0.6530977487564087,0.5832785964012146,-0.015743112191557884,0.6937300562858582,0.5251319408416748,-0.024450810626149178,0.6770219802856445,0.5197904706001282,-0.03575672209262848,0.6751765012741089,0.5656972527503967,-0.026158107444643974,0.6777429580688477,0.5773075222969055,-0.01470180694013834
no,0.6859821081161499,0.6704341173171997,-4.732002025775728e-07,0.6357993483543396,0.6659011840820312,-0.014160475693643093,0.578249454498291,0.6383718252182007,-0.021440215408802032,0.5480930209159851,0.604469895362854,-0.030061064288020134,0.5656315684318542,0.5813723206520081,-0.034426528960466385,0.5886159539222717,0.5341708064079285,0.0032794068101793528,0.5706987977027893,0.5111281275749207,-0.02237126976251602,0.5815142393112183,0.5629737973213196,-0.03471924737095833,0.592079758644104,0.5834070444107056,-0.03952707350254059,0.6221670508384705,0.5197861790657043,-0.0015992135740816593,0.6058369874954224,0.5070834755897522,-0.029471445828676224,0.6142309308052063,0.5703564286231995,-0.03216489404439926,0.622107207775116,0.5841647982597351,-0.025759257376194,0.6568751335144043,0.5169540047645569,-0.012057587504386902,0.6433195471763611,0.5143292546272278,-0.03829532116651535,0.6483876705169678,0.5734463930130005,-0.029416780918836594,0.6532467603683472,0.5829616785049438,-0.015604645013809204,0.6934229135513306,0.5224984288215637,-0.02435465157032013,0.6774991750717163,0.5194991230964661,-0.03571438044309616,0.6760483384132385,0.5663193464279175,-0.02641957812011242,0.67821204662323,0.5776957273483276,-0.015409346669912338
no,0.6859355568885803,0.6695308685302734,-4.7462268071285507e-07,0.6353718638420105,0.6658444404602051,-0.013908008113503456,0.578045129776001,0.6386264562606812,-0.02106926031410694,0.5481224060058594,0.6042943596839905,-0.029575807973742485,0.5657131671905518,0.5814363360404968,-0.03387603536248207,0.5880389213562012,0.5348526835441589,0.003277366515249014,0.5702966451644897,0.5109966993331909,-0.02251262217760086,0.5810723304748535,0.5624556541442871,-0.035028643906116486,0.5918139815330505,0.5838797688484192,-0.039860788732767105,0.6213371157646179,0.5200092196464539,-0.0016479584155604243,0.6052857637405396,0.5071700215339661,-0.029359525069594383,0.6140813231468201,0.570079505443573,-0.03200073912739754,0.622070848941803,0.584469735622406,-0.02562139555811882,0.6558635234832764,0.5166773796081543,-0.01213441975414753,0.6427862048149109,0.5149703025817871,-0.038052529096603394,0.6482887864112854,0.5736229419708252,-0.029129547998309135,0.6530585289001465,0.5833789110183716,-0.015421693213284016,0.6923031210899353,0.52175372838974,-0.024465467780828476,0.6766814589500427,0.519836962223053,-0.03555590659379959,0.6758114099502563,0.566472053527832,-0.026227733120322227,0.6780401468276978,0.5775044560432434,-0.015301162376999855
no,0.6721027493476868,0.6848193407058716,-3.9099234072637046e-07,0.6242285966873169,0.6868195533752441,-0.013363892212510109,0.5694471597671509,0.6566677093505859,-0.020197708159685135,0.540408730506897,0.613587498664856,-0.029289355501532555,0.5532410740852356,0.5777083039283752,-0.03436923772096634,0.5854005813598633,0.5521091222763062,0.0065345196053385735,0.567284882068634,0.4969232678413391,-0.016455858945846558,0.570268988609314,0.5384129881858826,-0.029263177886605263,0.577201247215271,0.5681049227714539,-0.03339516371488571,0.6147602200508118,0.5365437269210815,0.002552999183535576,0.5957460403442383,0.4841475486755371,-0.021057674661278725,0.5992087125778198,0.5378971099853516,-0.026173757389187813,0.6078783273696899,0.5678102970123291,-0.021419819444417953,0.6463829278945923,0.5287008881568909,-0.006419416517019272,0.6285792589187622,0.4796162247657776,-0.028474614024162292,0.6308688521385193,0.5338099002838135,-0.02169872634112835,0.6392476558685303,0.5677554607391357,-0.008907491341233253,0.6814885139465332,0.52972412109375,-0.017165277153253555,0.6644749045372009,0.48498138785362244,-0.02919713407754898,0.6602737307548523,0.5263676643371582,-0.021525435149669647,0.6641205549240112,0.5606935024261475,-0.010720417834818363
no,0.6738466024398804,0.6954445838928223,-4.447110484306904e-07,0.6234198212623596,0.6912647485733032,-0.01378018967807293,0.5697910189628601,0.6564849019050598,-0.021693821996450424,0.5402525067329407,0.608378529548645,-0.03236038237810135,0.5554760098457336,0.5732359886169434,-0.03873699530959129,0.585293173789978,0.5519170761108398,0.006810476072132587,0.5668444037437439,0.4908978044986725,-0.017833970487117767,0.5699979662895203,0.5369194746017456,-0.031785301864147186,0.5785506367683411,0.5689706206321716,-0.036674510687589645,0.6152735352516174,0.5382310748100281,0.0025802936870604753,0.5967362523078918,0.4819333553314209,-0.022232981398701668,0.5998501181602478,0.5380032062530518,-0.027509218081831932,0.6088200211524963,0.5690904259681702,-0.022954965010285378,0.6473335027694702,0.5314619541168213,-0.0069975098595023155,0.6295838356018066,0.4792810082435608,-0.029807424172759056,0.6301067471504211,0.5348638892173767,-0.022799652069807053,0.6380437016487122,0.5703805088996887,-0.009932832792401314,0.6832879781723022,0.532819390296936,-0.01856163702905178,0.6663973927497864,0.48517316579818726,-0.030472731217741966,0.6600179076194763,0.5273727178573608,-0.02272467501461506,0.6628453731536865,0.5637437105178833,-0.012090340256690979
no,0.6769407391548157,0.7038453221321106,-4.591252036334481e-07,0.6228104829788208,0.692894458770752,-0.014168432913720608,0.5691241025924683,0.6576055288314819,-0.023126797750592232,0.5398056507110596,0.6079778075218201,-0.03525187075138092,0.5571568012237549,0.5708807110786438,-0.0431709960103035,0.5853085517883301,0.549747884273529,0.008380248211324215,0.5667682886123657,0.48847687244415283,-0.017711827531456947,0.5689287185668945,0.536643385887146,-0.03361721336841583,0.5778748393058777,0.5706196427345276,-0.03988547995686531,0.6154141426086426,0.536879301071167,0.0037148601841181517,0.5975912809371948,0.47858530282974243,-0.022852573543787003,0.5997699499130249,0.5369274020195007,-0.029902558773756027,0.6085129976272583,0.5702630281448364,-0.02632179670035839,0.6474231481552124,0.5311155319213867,-0.006559143308550119,0.6306644082069397,0.4771544337272644,-0.03070591762661934,0.6301683783531189,0.5340621471405029,-0.024581599980592728,0.6379753947257996,0.5719019770622253,-0.01187102124094963,0.6831082105636597,0.5339534878730774,-0.018924366682767868,0.6660829782485962,0.4841936230659485,-0.03112025372684002,0.6595262885093689,0.5265765190124512,-0.023397786542773247,0.6629310846328735,0.563620924949646,-0.012635475024580956
no,0.6803531646728516,0.7079678177833557,-4.5279028881850536e-07,0.6241815686225891,0.693382740020752,-0.014836432412266731,0.5701134204864502,0.6598614454269409,-0.025206901133060455,0.5395472049713135,0.6114782691001892,-0.03883824869990349,0.5558573603630066,0.5718055963516235,-0.04821014776825905,0.5855423808097839,0.5495505332946777,0.008155115880072117,0.5667102336883545,0.4877631366252899,-0.01863742433488369,0.5679944753646851,0.535936713218689,-0.03565138205885887,0.576988935470581,0.5701649188995361,-0.04275273159146309,0.6160682439804077,0.5366399884223938,0.003375979606062174,0.5980244278907776,0.47754544019699097,-0.02371089532971382,0.5997442603111267,0.5357680320739746,-0.03166661411523819,0.6083399653434753,0.5698501467704773,-0.028874851763248444,0.6482531428337097,0.5309155583381653,-0.007115006912499666,0.6314616203308105,0.4767472445964813,-0.031363796442747116,0.6307221055030823,0.5327052474021912,-0.02561476081609726,0.6386498212814331,0.5713280439376831,-0.013272786512970924,0.6836241483688354,0.53376704454422,-0.019790392369031906,0.6665816307067871,0.4833345413208008,-0.03166099265217781,0.6603723764419556,0.5249112844467163,-0.023715538904070854,0.6641800999641418,0.5620906352996826,-0.012883639894425869
no,0.6753131747245789,0.721590518951416,-4.673768501106679e-07,0.6191785335540771,0.7040178775787354,-0.014204422943294048,0.5648406744003296,0.6631488800048828,-0.0234538484364748,0.5451014041900635,0.602979838848114,-0.03592223301529884,0.5768743753433228,0.5669049620628357,-0.044434819370508194,0.5854529142379761,0.5605151057243347,0.005072228144854307,0.5690386295318604,0.49474644660949707,-0.01990744099020958,0.5723242163658142,0.5460569262504578,-0.0352441631257534,0.5819491147994995,0.5831369757652283,-0.04170968756079674,0.6179811954498291,0.5467822551727295,0.0005771219148300588,0.6009938716888428,0.48320963978767395,-0.02390054613351822,0.6034702658653259,0.5416129231452942,-0.029325157403945923,0.6135583519935608,0.5777607560157776,-0.025737177580595016,0.6513200998306274,0.5417454242706299,-0.009328282438218594,0.6356204748153687,0.48084017634391785,-0.030855990946292877,0.6341938376426697,0.5349768996238708,-0.024200206622481346,0.6419641971588135,0.5737401843070984,-0.012312564998865128,0.6882599592208862,0.5455312132835388,-0.021545207127928734,0.6742792129516602,0.48723775148391724,-0.031724657863378525,0.6666443347930908,0.5249136090278625,-0.02408166602253914,0.6682356595993042,0.5620542764663696,-0.01449443306773901
no,0.6756003499031067,0.7249658107757568,-4.3963297002846957e-07,0.6192906498908997,0.7037693858146667,-0.01371087972074747,0.5659134984016418,0.6624913811683655,-0.022769875824451447,0.5456690788269043,0.6026384234428406,-0.0354388952255249,0.5759096145629883,0.566200852394104,-0.04412759095430374,0.5873580574989319,0.5616548657417297,0.007943238131701946,0.5700860023498535,0.4961546063423157,-0.016331132501363754,0.5725547671318054,0.5448439717292786,-0.03165929391980171,0.5825166702270508,0.582720160484314,-0.03798960894346237,0.6188018918037415,0.5490313768386841,0.003518215846270323,0.6007968187332153,0.4856075346469879,-0.020818769931793213,0.6038069128990173,0.542779803276062,-0.02731315977871418,0.615201473236084,0.580371618270874,-0.02427767589688301,0.6514016389846802,0.5434320569038391,-0.006362271960824728,0.6344024538993835,0.4811704754829407,-0.02751941978931427,0.6322638392448425,0.5339354276657104,-0.02216636762022972,0.6404883861541748,0.5749149322509766,-0.011052468791604042,0.687603235244751,0.5458502769470215,-0.01854647323489189,0.6744316816329956,0.48724639415740967,-0.028556255623698235,0.6651765704154968,0.523445188999176,-0.021978914737701416,0.6660610437393188,0.5616492033004761,-0.013046305626630783
no,0.6752594113349915,0.7257282733917236,-4.409085363477061e-07,0.6193284392356873,0.7037106156349182,-0.013762259855866432,0.5662925839424133,0.6624975204467773,-0.023131724447011948,0.5459597110748291,0.6023959517478943,-0.03612348437309265,0.5762973427772522,0.5651016235351562,-0.04510874301195145,0.5876163840293884,0.5610293745994568,0.007680734619498253,0.5702188014984131,0.49586939811706543,-0.017038729041814804,0.5724946856498718,0.544430673122406,-0.03258863091468811,0.5823840498924255,0.5819776654243469,-0.03903108090162277,0.6190781593322754,0.5487139821052551,0.0031217208597809076,0.6006941199302673,0.48568597435951233,-0.02137093059718609,0.6038817167282104,0.5430408716201782,-0.027634862810373306,0.6153685450553894,0.5801035165786743,-0.024475790560245514,0.6518481373786926,0.5434500575065613,-0.0069532799534499645,0.6344692707061768,0.48153772950172424,-0.028476951643824577,0.632307767868042,0.5350354909896851,-0.022721514105796814,0.6405633687973022,0.5759634375572205,-0.011290577240288258,0.6883315443992615,0.546265721321106,-0.019343184307217598,0.6748926043510437,0.4877547025680542,-0.029620574787259102,0.6653628349304199,0.5247605443000793,-0.022795546799898148,0.6660856008529663,0.5635045170783997,-0.01363998930901289
no,0.6751478910446167,0.7261422872543335,-4.4313824787423073e-07,0.6193106174468994,0.703957200050354,-0.013709193095564842,0.5662167072296143,0.6623368263244629,-0.0229463092982769,0.5460389852523804,0.6020898818969727,-0.03586849197745323,0.5766461491584778,0.5653088688850403,-0.04479832202196121,0.5877777338027954,0.5605406761169434,0.008137045428156853,0.5704182982444763,0.4956154227256775,-0.016630923375487328,0.5722783803939819,0.5443438291549683,-0.03223298862576485,0.5821154713630676,0.5817905068397522,-0.03873031958937645,0.6191356182098389,0.5483554601669312,0.0034888999070972204,0.6006225347518921,0.4854504466056824,-0.021226661279797554,0.6035480499267578,0.5432220101356506,-0.02757839672267437,0.6150913238525391,0.5801482200622559,-0.024387652054429054,0.6518239378929138,0.5431344509124756,-0.00671549653634429,0.6343079209327698,0.4815046787261963,-0.028478266671299934,0.6319599747657776,0.5355346202850342,-0.022710753604769707,0.6402168273925781,0.5763928294181824,-0.011185034178197384,0.6882693767547607,0.545998215675354,-0.01924038492143154,0.6748144030570984,0.48751455545425415,-0.029565205797553062,0.6651599407196045,0.5249345898628235,-0.02266254648566246,0.6659431457519531,0.5636687278747559,-0.013429391197860241
no,0.6737666130065918,0.7291226387023926,-4.693657444931887e-07,0.6171762347221375,0.7043524384498596,-0.010122007690370083,0.5652847290039062,0.6604803800582886,-0.017590802162885666,0.5452194809913635,0.6008890867233276,-0.029968975111842155,0.5719418525695801,0.5635108351707458,-0.03894412890076637,0.5932430028915405,0.5608978867530823,0.011319426819682121,0.5770373940467834,0.49196499586105347,-0.012308805249631405,0.574576199054718,0.5327045917510986,-0.027749406173825264,0.581375777721405,0.5716949701309204,-0.03372492641210556,0.6241748332977295,0.5504491329193115,0.005512000061571598,0.6066195964813232,0.48634853959083557,-0.019236911088228226,0.607957661151886,0.542686402797699,-0.026606164872646332,0.6188033223152161,0.5838097929954529,-0.023726575076580048,0.6558594107627869,0.5453500151634216,-0.005333695560693741,0.6392254829406738,0.4837333858013153,-0.026622483506798744,0.635674774646759,0.5360866785049438,-0.022269394248723984,0.6441679000854492,0.580429196357727,-0.011213596910238266,0.6906615495681763,0.5474529266357422,-0.01814933866262436,0.6788471341133118,0.4829724133014679,-0.028139963746070862,0.6673526763916016,0.5166627764701843,-0.021772632375359535,0.6667690873146057,0.5591479539871216,-0.012512079440057278
no,0.6680582165718079,0.7299867868423462,-4.3154147988389013e-07,0.6116567850112915,0.6950539350509644,-0.012002416886389256,0.5649619698524475,0.6473255753517151,-0.020925793796777725,0.5487838983535767,0.5857906937599182,-0.034723326563835144,0.5757512450218201,0.538343608379364,-0.044934891164302826,0.5973873138427734,0.5551446080207825,0.013834631070494652,0.5854781866073608,0.487935334444046,-0.011457143351435661,0.5773714780807495,0.5276051163673401,-0.02846604771912098,0.5815873146057129,0.5654521584510803,-0.035433053970336914,0.626441240310669,0.5452855229377747,0.00815969705581665,0.6123484969139099,0.4754354953765869,-0.018282504752278328,0.6070228219032288,0.531689465045929,-0.026905246078968048,0.6162313222885132,0.5747395157814026,-0.024137355387210846,0.6569570899009705,0.5420955419540405,-0.003156861523166299,0.6423353552818298,0.47504621744155884,-0.026566224172711372,0.6339313983917236,0.5278576612472534,-0.022671308368444443,0.6419568061828613,0.5742713809013367,-0.010864734649658203,0.6909719109535217,0.5464282631874084,-0.01662002131342888,0.6795988082885742,0.48149657249450684,-0.027666673064231873,0.6658014059066772,0.5140909552574158,-0.02124536596238613,0.6651756763458252,0.5570976138114929,-0.011339850723743439
no,0.6664766669273376,0.7289310097694397,-4.0795850964059355e-07,0.6104186773300171,0.6931922435760498,-0.011658327654004097,0.5639572143554688,0.6451451182365417,-0.02050151489675045,0.5488113164901733,0.5842156410217285,-0.034197427332401276,0.574335515499115,0.5368698239326477,-0.044559821486473083,0.5983986258506775,0.5545247197151184,0.014114516787230968,0.5880352258682251,0.4866299033164978,-0.010819555260241032,0.5789290070533752,0.5187094211578369,-0.027613453567028046,0.5817885398864746,0.5559914112091064,-0.03413746505975723,0.6271976828575134,0.5456210374832153,0.008506043814122677,0.6143798232078552,0.47670674324035645,-0.018002670258283615,0.6088387370109558,0.5304702520370483,-0.027174800634384155,0.6175450682640076,0.5748347640037537,-0.024569323286414146,0.6574090123176575,0.5433846116065979,-0.0026221396401524544,0.6436208486557007,0.47653472423553467,-0.02626866288483143,0.6355047821998596,0.5272591710090637,-0.023132450878620148,0.6434247493743896,0.5739716291427612,-0.01163423527032137,0.6911033391952515,0.548224151134491,-0.01573220267891884,0.68036949634552,0.48315727710723877,-0.0269557386636734,0.667125403881073,0.5129629969596863,-0.020700890570878983,0.6665933728218079,0.5546814203262329,-0.01073541957885027
no,0.6659854650497437,0.7268810272216797,-4.0507219978280773e-07,0.6102932691574097,0.6933250427246094,-0.01234826073050499,0.5636204481124878,0.6454536318778992,-0.021348820999264717,0.5486496686935425,0.5843919515609741,-0.035000599920749664,0.5740043520927429,0.5372949838638306,-0.04531104117631912,0.5975443124771118,0.5539498925209045,0.013672078028321266,0.5865401029586792,0.48693883419036865,-0.011178466491401196,0.5784159302711487,0.5183792114257812,-0.0280002374202013,0.5816906094551086,0.5552828907966614,-0.034531351178884506,0.6263805031776428,0.5448052883148193,0.008478543721139431,0.6131337285041809,0.4771082103252411,-0.017810510471463203,0.6083118915557861,0.5308808088302612,-0.027096062898635864,0.6170697212219238,0.5749733448028564,-0.024617834016680717,0.6568199992179871,0.542365550994873,-0.002269784454256296,0.6428949236869812,0.4763962924480438,-0.02615552395582199,0.6355463862419128,0.5277591943740845,-0.023198844864964485,0.6436301469802856,0.574459433555603,-0.01177495438605547,0.6907505989074707,0.5470446944236755,-0.014996877871453762,0.6796337366104126,0.48291075229644775,-0.026699459180235863,0.6665756106376648,0.5133301019668579,-0.020622877404093742,0.6659830808639526,0.5550664067268372,-0.0106902364641428
no,0.6648796796798706,0.725501298904419,-4.0580127347311645e-07,0.6095741391181946,0.6925472021102905,-0.012468175031244755,0.5633761286735535,0.6447372436523438,-0.02151043899357319,0.548845648765564,0.5841695070266724,-0.03512423112988472,0.5740233659744263,0.5373616218566895,-0.04540388658642769,0.5973604321479797,0.5533373951911926,0.013040833175182343,0.5862396359443665,0.4863754212856293,-0.011823326349258423,0.5780956745147705,0.5180614590644836,-0.02851754240691662,0.5813461542129517,0.5546740293502808,-0.03497542068362236,0.6263585686683655,0.5445570349693298,0.00791747123003006,0.6130824685096741,0.47735175490379333,-0.018566198647022247,0.6083120107650757,0.5313145518302917,-0.027765069156885147,0.6171219944953918,0.5749319791793823,-0.025193365290760994,0.6568083167076111,0.5423519611358643,-0.0027357391081750393,0.6428349614143372,0.47689515352249146,-0.026698866859078407,0.635236382484436,0.5280342102050781,-0.023647600784897804,0.6431093811988831,0.5740123987197876,-0.0121705187484622,0.690781831741333,0.5471663475036621,-0.015364441089332104,0.6798369288444519,0.48321670293807983,-0.02710922248661518,0.666729211807251,0.5136649012565613,-0.021043796092271805,0.6660901308059692,0.5550279021263123,-0.011131871491670609
no,0.6739983558654785,0.708771824836731,-1.4681484117318178e-07,0.6233489513397217,0.6830956339836121,-0.008105299435555935,0.5787473917007446,0.6422399282455444,-0.015501567162573338,0.5497456789016724,0.6112968325614929,-0.025647958740592003,0.5310967564582825,0.5819767713546753,-0.034017812460660934,0.6078389883041382,0.5446339845657349,0.006929774768650532,0.594110369682312,0.48602354526519775,-0.010228598490357399,0.5845388770103455,0.4871876835823059,-0.025631168857216835,0.5776829719543457,0.49710965156555176,-0.033769626170396805,0.63463294506073,0.5353227853775024,0.000977757852524519,0.620376706123352,0.47440338134765625,-0.012400300242006779,0.6138379573822021,0.4828614592552185,-0.021898172795772552,0.6106936931610107,0.4928429126739502,-0.02616013213992119,0.662002444267273,0.5322049856185913,-0.008551466278731823,0.6508420705795288,0.47384122014045715,-0.01808343455195427,0.6430157423019409,0.48187264800071716,-0.015754250809550285,0.6389322876930237,0.49072974920272827,-0.012378431856632233,0.6901373267173767,0.5377086997032166,-0.020032882690429688,0.683473527431488,0.48508334159851074,-0.0231125857681036,0.6769841909408569,0.4862461984157562,-0.016192879527807236,0.6723893880844116,0.49219614267349243,-0.009770821779966354
no,0.6729806065559387,0.7082460522651672,-6.95740496325925e-08,0.6231554746627808,0.6837166547775269,-0.008938366547226906,0.5789685845375061,0.643841564655304,-0.016369670629501343,0.5505868196487427,0.6129029393196106,-0.02578115090727806,0.532513439655304,0.5825536251068115,-0.03361017629504204,0.6103384494781494,0.5509464740753174,0.005469589959830046,0.5982605814933777,0.49656742811203003,-0.01009851973503828,0.5864127278327942,0.4869607090950012,-0.024794194847345352,0.5755649209022522,0.48669448494911194,-0.033239640295505524,0.6363877058029175,0.5414385199546814,0.0006177957984618843,0.6230610013008118,0.486680805683136,-0.010810301639139652,0.613930344581604,0.48033517599105835,-0.01987498439848423,0.6073799133300781,0.4768971800804138,-0.024798285216093063,0.663170337677002,0.5387741923332214,-0.007781017106026411,0.6528589725494385,0.4851202368736267,-0.01651538908481598,0.6436630487442017,0.4786648154258728,-0.014582215808331966,0.6370290517807007,0.473378449678421,-0.011931369081139565,0.6912317276000977,0.5440282225608826,-0.018162952736020088,0.6865527629852295,0.4949937164783478,-0.021944278851151466,0.6810718178749084,0.4808802306652069,-0.016550561413168907,0.6752983331680298,0.4703763425350189,-0.011282805353403091
no,0.6729831695556641,0.7062500715255737,-1.0190648325192342e-09,0.6228652000427246,0.6832183599472046,-0.010909490287303925,0.579430103302002,0.6437289714813232,-0.01802009716629982,0.5512917041778564,0.6120638251304626,-0.026227448135614395,0.5339449048042297,0.5802454948425293,-0.03294165059924126,0.6125218868255615,0.5537323951721191,0.005016924813389778,0.5995590090751648,0.5046449899673462,-0.0079454081133008,0.5874172449111938,0.48639020323753357,-0.021805869415402412,0.5746471881866455,0.47565382719039917,-0.030929870903491974,0.6378207206726074,0.5433891415596008,0.0015252071898430586,0.6247110366821289,0.49410775303840637,-0.008322233334183693,0.6141200065612793,0.47798603773117065,-0.017981471493840218,0.6035458445549011,0.466422438621521,-0.02410195767879486,0.6639828085899353,0.540126383304596,-0.005447056610137224,0.6534767746925354,0.4906594455242157,-0.013741307891905308,0.643640398979187,0.4739800691604614,-0.013808353804051876,0.6343637108802795,0.4613240957260132,-0.01289150770753622,0.691881000995636,0.5451289415359497,-0.014501943252980709,0.6870726943016052,0.49967095255851746,-0.019291412085294724,0.6816079020500183,0.480742871761322,-0.015883194282650948,0.6746160387992859,0.46659141778945923,-0.012126454152166843
no,0.6728591918945312,0.7038686871528625,1.5821960630546528e-08,0.6233307123184204,0.6838220357894897,-0.01103979628533125,0.5802050232887268,0.6447334885597229,-0.017777524888515472,0.5524576306343079,0.6130552291870117,-0.02550962194800377,0.5352192521095276,0.5818643569946289,-0.031850315630435944,0.6113861799240112,0.557368278503418,0.004716070834547281,0.5985168218612671,0.5100141763687134,-0.007419554051011801,0.5867127180099487,0.49065566062927246,-0.020494721829891205,0.5743602514266968,0.47746431827545166,-0.029367664828896523,0.6368931531906128,0.5460097193717957,0.0014399102656170726,0.6239606142044067,0.49886709451675415,-0.007761488668620586,0.6131849884986877,0.48155677318573,-0.017036328092217445,0.602364182472229,0.4680185616016388,-0.02318418212234974,0.6632874011993408,0.5417002439498901,-0.005256171803921461,0.6529754400253296,0.49383479356765747,-0.01335236243903637,0.6425558924674988,0.4766434133052826,-0.013941735960543156,0.6324867606163025,0.4631250500679016,-0.013544582761824131,0.6917126774787903,0.5452452301979065,-0.013998720794916153,0.686589241027832,0.5001946687698364,-0.01926279440522194,0.679956316947937,0.4815801680088043,-0.016591543331742287,0.6714784502983093,0.46789395809173584,-0.013411538675427437
no,0.6761896014213562,0.6802852749824524,1.1984208470039448e-07,0.6273251175880432,0.6705710887908936,-0.017761019989848137,0.5797690749168396,0.6276222467422485,-0.03058403730392456,0.539469838142395,0.5997393131256104,-0.043188344687223434,0.5018054246902466,0.5835195183753967,-0.055150024592876434,0.609481155872345,0.5261654257774353,-0.008881667628884315,0.5848727226257324,0.4703213572502136,-0.027652675285935402,0.5619328022003174,0.4430080056190491,-0.04575575143098831,0.5387746691703796,0.42590057849884033,-0.05800565332174301,0.6319774389266968,0.5158783793449402,-0.011859347112476826,0.6070113778114319,0.4576992392539978,-0.029111521318554878,0.5818320512771606,0.42955002188682556,-0.0442952923476696,0.5568989515304565,0.41259029507637024,-0.05406010523438454,0.6565014123916626,0.5145180225372314,-0.018252011388540268,0.6361680626869202,0.453585684299469,-0.03325900807976723,0.6131830811500549,0.4266737103462219,-0.04223310574889183,0.5887118577957153,0.4122028052806854,-0.047032568603754044,0.68338942527771,0.5229955911636353,-0.026725102216005325,0.6693097949028015,0.470027357339859,-0.03880167752504349,0.6514330506324768,0.4434951841831207,-0.04353079944849014,0.6299401521682739,0.4279923141002655,-0.04542238265275955
no,0.6787711977958679,0.6871507167816162,1.720814463146425e-10,0.6293745040893555,0.671512246131897,-0.014896071515977383,0.5802261233329773,0.6276180148124695,-0.026822827756404877,0.5396041870117188,0.6007611751556396,-0.03975361958146095,0.5020433068275452,0.5841014385223389,-0.05233878642320633,0.6114814877510071,0.5201359391212463,-0.004297223873436451,0.5832346677780151,0.4644254744052887,-0.02293347753584385,0.5591707825660706,0.4394465684890747,-0.04148828238248825,0.5345773696899414,0.42459648847579956,-0.05448256805539131,0.6331087350845337,0.5113373398780823,-0.009536159224808216,0.6043540239334106,0.4513172507286072,-0.02710508182644844,0.5780938267707825,0.42657095193862915,-0.043028559535741806,0.551597535610199,0.41427522897720337,-0.05368770658969879,0.6570379734039307,0.5118343234062195,-0.018352491781115532,0.6318843364715576,0.4495619535446167,-0.03409542515873909,0.6064760088920593,0.4237707257270813,-0.04325512796640396,0.5801699161529541,0.41103994846343994,-0.04841994121670723,0.683175265789032,0.5215803980827332,-0.029151108115911484,0.666691243648529,0.46488040685653687,-0.04166528582572937,0.646970272064209,0.4376157522201538,-0.04691431298851967,0.6241869926452637,0.42172038555145264,-0.049619417637586594
no,0.6804027557373047,0.6926543712615967,-2.5577408635513166e-08,0.6290919184684753,0.6724525094032288,-0.012724298052489758,0.5795892477035522,0.6276631951332092,-0.023983292281627655,0.5395276546478271,0.6004694104194641,-0.03686266392469406,0.5021312236785889,0.5835562944412231,-0.04939058795571327,0.6113634705543518,0.5194659233093262,-0.0009198369807563722,0.5829373598098755,0.4618908762931824,-0.019109943881630898,0.5589401125907898,0.43688511848449707,-0.03778316453099251,0.5347302556037903,0.4220210015773773,-0.050874266773462296,0.6330053210258484,0.5113317966461182,-0.007423033472150564,0.6042447090148926,0.4489939212799072,-0.024394188076257706,0.5777320861816406,0.42464905977249146,-0.04022137075662613,0.5509928464889526,0.4135989546775818,-0.05092471092939377,0.6567327976226807,0.5122308731079102,-0.01750875823199749,0.6317681074142456,0.4479326009750366,-0.03268991410732269,0.6054025888442993,0.423348069190979,-0.04134757071733475,0.5781813263893127,0.4125558137893677,-0.04627763852477074,0.6828027963638306,0.5222606658935547,-0.02952265739440918,0.6668896079063416,0.46385109424591064,-0.04150598123669624,0.646388828754425,0.43760251998901367,-0.046113379299640656,0.6226242184638977,0.4233859181404114,-0.04841964319348335
no,0.6824778914451599,0.6961206793785095,-3.490769628911039e-08,0.6300883889198303,0.6731848120689392,-0.012196386232972145,0.5802481174468994,0.628000020980835,-0.023543305695056915,0.5397636294364929,0.6003775596618652,-0.036737143993377686,0.5018196105957031,0.5839532017707825,-0.04948500916361809,0.6124683022499084,0.5193963050842285,0.0002531073405407369,0.5837592482566833,0.4608810842037201,-0.018227603286504745,0.5592530965805054,0.4359719455242157,-0.03719199448823929,0.534720778465271,0.4213940501213074,-0.05047167092561722,0.633947491645813,0.5120051503181458,-0.00671199569478631,0.6044676899909973,0.44883066415786743,-0.024027755483984947,0.5774891972541809,0.4246435761451721,-0.03991179168224335,0.5504717230796814,0.4137609004974365,-0.050634849816560745,0.6574276685714722,0.5134086012840271,-0.017374316230416298,0.6317288875579834,0.4480169415473938,-0.03310269117355347,0.6041480302810669,0.42357003688812256,-0.041858501732349396,0.5759913921356201,0.4134148061275482,-0.046756815165281296,0.6834491491317749,0.523429811000824,-0.029949255287647247,0.6673780679702759,0.46474629640579224,-0.042335160076618195,0.6460804343223572,0.43887895345687866,-0.04711484536528587,0.6215547919273376,0.4253814220428467,-0.049523770809173584
no,0.6902529001235962,0.6925572156906128,-2.109363173019574e-08,0.6338931918144226,0.6697366237640381,-0.010072686709463596,0.5819258689880371,0.6246606707572937,-0.019724808633327484,0.5370633602142334,0.6014627814292908,-0.03176978975534439,0.4963979125022888,0.5908242464065552,-0.043322864919900894,0.615218460559845,0.518674910068512,0.004290107171982527,0.5831460356712341,0.4619159698486328,-0.01121207419782877,0.5579727292060852,0.43659448623657227,-0.02799593098461628,0.5331600904464722,0.41798022389411926,-0.04050863906741142,0.6342839598655701,0.5090914368629456,-0.0031363433226943016,0.5995940566062927,0.4470195472240448,-0.017321985214948654,0.570584237575531,0.41923391819000244,-0.030882468447089195,0.5424619913101196,0.40127792954444885,-0.04072288051247597,0.6560521721839905,0.5092720985412598,-0.014311539940536022,0.6246262788772583,0.4423365294933319,-0.02798031084239483,0.5944985151290894,0.4150877892971039,-0.03609436750411987,0.5647745132446289,0.400602787733078,-0.04095417633652687,0.6799407005310059,0.5175273418426514,-0.027335776016116142,0.6594621539115906,0.45900747179985046,-0.03852987661957741,0.634490966796875,0.4309590458869934,-0.043263062834739685,0.6075806021690369,0.4146038889884949,-0.04601078853011131
no,0.6900593042373657,0.6955903768539429,-2.1349659817815336e-08,0.6341859102249146,0.669499933719635,-0.00869067758321762,0.5824376940727234,0.6241928935050964,-0.017676835879683495,0.538438618183136,0.6009078025817871,-0.029400428757071495,0.4981487989425659,0.5921329259872437,-0.040862713009119034,0.6149710416793823,0.5188328623771667,0.005854762624949217,0.5824410915374756,0.46172788739204407,-0.009406039491295815,0.5566788911819458,0.43536728620529175,-0.026350535452365875,0.5316667556762695,0.4158758223056793,-0.039212342351675034,0.6340584754943848,0.5100885033607483,-0.002697559306398034,0.5994250774383545,0.44726377725601196,-0.017091821879148483,0.5699359178543091,0.4195425510406494,-0.03135586529970169,0.5415968894958496,0.40196532011032104,-0.041767995804548264,0.655762255191803,0.5102449059486389,-0.014837144874036312,0.6244408488273621,0.4428771436214447,-0.028514839708805084,0.593966007232666,0.41528308391571045,-0.036830782890319824,0.5642833113670349,0.40075182914733887,-0.04198294132947922,0.6800527572631836,0.5182868242263794,-0.028775598853826523,0.6602304577827454,0.4595963954925537,-0.039784807711839676,0.6354916095733643,0.4312976002693176,-0.044394444674253464,0.6088497042655945,0.41524606943130493,-0.04722512513399124
no,0.6915923357009888,0.6957293748855591,-2.0801836697614817e-08,0.6348655223846436,0.6692802906036377,-0.008375111036002636,0.5825814008712769,0.6242209672927856,-0.01729564182460308,0.5385560393333435,0.6008374691009521,-0.029006004333496094,0.4982723295688629,0.5920226573944092,-0.04044371470808983,0.6147013902664185,0.5189298391342163,0.00620223069563508,0.5821264386177063,0.4614734649658203,-0.008975802920758724,0.5563680529594421,0.4351450204849243,-0.02586940862238407,0.5311831831932068,0.41565078496932983,-0.03872606158256531,0.6341984272003174,0.5099223852157593,-0.002552022458985448,0.5994864106178284,0.4470348060131073,-0.01688380353152752,0.5698980689048767,0.41938185691833496,-0.03109041228890419,0.5413457155227661,0.40201810002326965,-0.04151548072695732,0.6560825705528259,0.5101218819618225,-0.01491306722164154,0.6247581243515015,0.4428150951862335,-0.028531137853860855,0.5941662192344666,0.4152414798736572,-0.036887288093566895,0.5642827749252319,0.4008327126502991,-0.04216388612985611,0.6804519891738892,0.5182398557662964,-0.029055189341306686,0.6607502698898315,0.4600253105163574,-0.04007458686828613,0.6360033750534058,0.43224209547042847,-0.044759586453437805,0.6092767119407654,0.4164997637271881,-0.04772009328007698
no,0.6914403438568115,0.6966777443885803,-1.9447790933213582e-08,0.6347289681434631,0.6699281930923462,-0.00853306520730257,0.5823911428451538,0.6243147253990173,-0.017443431541323662,0.5384674072265625,0.6006166338920593,-0.029088661074638367,0.49836984276771545,0.5914085507392883,-0.04045220464468002,0.6145789623260498,0.5189051032066345,0.006149393506348133,0.5823408961296082,0.4613730013370514,-0.009034293703734875,0.5567001700401306,0.43486928939819336,-0.025943387299776077,0.5316426157951355,0.4152963161468506,-0.038850221782922745,0.6341308355331421,0.5102348327636719,-0.0025883764028549194,0.5997990369796753,0.4471189081668854,-0.01700042001903057,0.5704030990600586,0.41953209042549133,-0.03128451481461525,0.5419244766235352,0.4023485779762268,-0.04175935313105583,0.656096875667572,0.5107499361038208,-0.014950319193303585,0.6251075863838196,0.4432012140750885,-0.028720710426568985,0.5946054458618164,0.41559845209121704,-0.03718731924891472,0.5646893978118896,0.40116387605667114,-0.04253394901752472,0.6806035041809082,0.5191694498062134,-0.029089374467730522,0.6610442399978638,0.4607989490032196,-0.04031715542078018,0.6363660097122192,0.43292444944381714,-0.045161373913288116,0.6096142530441284,0.4170139729976654,-0.04823862388730049
no,0.6928268074989319,0.6955157518386841,-6.156122367428907e-08,0.6367326974868774,0.6665667295455933,-0.005249164067208767,0.5842391848564148,0.616830587387085,-0.011188613250851631,0.5391079187393188,0.5934082865715027,-0.021020907908678055,0.4986121952533722,0.5856810212135315,-0.0302948709577322,0.6212106347084045,0.5134220123291016,0.016013046726584435,0.5883797407150269,0.45531606674194336,0.0029096496291458607,0.5614168047904968,0.43136832118034363,-0.01317753829061985,0.534131646156311,0.4161900281906128,-0.025109626352787018,0.6396842002868652,0.5041848421096802,0.006374168675392866,0.6038742065429688,0.4412185251712799,-0.005702919792383909,0.5724970102310181,0.4148026704788208,-0.01906030811369419,0.5419588685035706,0.4013746380805969,-0.02860223688185215,0.659709632396698,0.5032220482826233,-0.0072117336094379425,0.6265779137611389,0.4354088306427002,-0.019032370299100876,0.5939545631408691,0.40925878286361694,-0.0260826013982296,0.5627434849739075,0.39861053228378296,-0.02982061728835106,0.6806461811065674,0.5087422728538513,-0.022595049813389778,0.6561965346336365,0.447704553604126,-0.031481847167015076,0.6291682124137878,0.4191557466983795,-0.03469110652804375,0.6012480854988098,0.4045717716217041,-0.036272674798965454
no,0.6940110921859741,0.696736216545105,-6.80559324450769e-08,0.6371776461601257,0.6668787598609924,-0.005253292620182037,0.5847879648208618,0.6168372631072998,-0.01174507662653923,0.539486289024353,0.5946208834648132,-0.0222272090613842,0.4983766973018646,0.5881010293960571,-0.03230926766991615,0.6208442449569702,0.5138548612594604,0.015159067697823048,0.5892871022224426,0.4540334939956665,0.0010970996227115393,0.5628805160522461,0.4299793839454651,-0.0157875157892704,0.535490095615387,0.4150146543979645,-0.028157614171504974,0.6398971676826477,0.5053609013557434,0.005126081872731447,0.605731725692749,0.4399162232875824,-0.008003300987184048,0.5753387212753296,0.41289404034614563,-0.022514810785651207,0.544779896736145,0.39982274174690247,-0.03273980692028999,0.6606412529945374,0.5052820444107056,-0.00883640069514513,0.6285861134529114,0.4349308907985687,-0.021406320855021477,0.5961514115333557,0.40782949328422546,-0.029837995767593384,0.5644251704216003,0.39711958169937134,-0.034493010491132736,0.6822666525840759,0.5117442607879639,-0.024496160447597504,0.6574739217758179,0.4496791362762451,-0.03411569446325302,0.6295266151428223,0.42148274183273315,-0.038189277052879333,0.6005189418792725,0.4081120491027832,-0.040414903312921524
no,0.6944267749786377,0.696709394454956,-6.93508113158714e-08,0.6371152997016907,0.6666401624679565,-0.004729298409074545,0.5843046307563782,0.616309642791748,-0.010615931823849678,0.5393986105918884,0.5937784910202026,-0.020589139312505722,0.49874597787857056,0.5875561833381653,-0.03015059418976307,0.6202011108398438,0.5131365060806274,0.016644740477204323,0.5886110663414001,0.4534943997859955,0.003304995596408844,0.5625379085540771,0.42975306510925293,-0.01317326258867979,0.5353978872299194,0.41484230756759644,-0.025344345718622208,0.6393961906433105,0.5047176480293274,0.006471466273069382,0.6054146885871887,0.4393808841705322,-0.005965867079794407,0.5754023194313049,0.4126516580581665,-0.020220572128891945,0.5451057553291321,0.4000507593154907,-0.03033609502017498,0.6602533459663391,0.5046902298927307,-0.007658487185835838,0.6284520030021667,0.43459203839302063,-0.019706055521965027,0.5963200926780701,0.4076801836490631,-0.028010472655296326,0.5647993087768555,0.3970456123352051,-0.03266982361674309,0.6820224523544312,0.5111286640167236,-0.023472530767321587,0.6570916771888733,0.44931599497795105,-0.03272781893610954,0.6291802525520325,0.4216727614402771,-0.03664181008934975,0.600326657295227,0.40861690044403076,-0.03882363438606262
no,0.6946274042129517,0.6971429586410522,-7.120135592231236e-08,0.6369231939315796,0.6666158437728882,-0.003950048238039017,0.5841199159622192,0.6161961555480957,-0.009343366138637066,0.5394901633262634,0.5936152338981628,-0.01902826875448227,0.4990123510360718,0.5873023867607117,-0.028338780626654625,0.6199533343315125,0.5129654407501221,0.0181445199996233,0.5885116457939148,0.4534737467765808,0.005136339925229549,0.5625209212303162,0.4298665225505829,-0.01123157050460577,0.5354195237159729,0.41516876220703125,-0.023356342688202858,0.6391233801841736,0.5045062303543091,0.007584818638861179,0.6054306030273438,0.43911030888557434,-0.004482708405703306,0.5755895376205444,0.41269978880882263,-0.018670177087187767,0.5454393029212952,0.4005133807659149,-0.028785154223442078,0.6599695086479187,0.5043904185295105,-0.006945047061890364,0.6285609006881714,0.4343720078468323,-0.01866919733583927,0.5964613556861877,0.4077422022819519,-0.026920311152935028,0.5649262070655823,0.3973585069179535,-0.03162981942296028,0.6817754507064819,0.510818600654602,-0.023134086281061172,0.6572974324226379,0.4491880536079407,-0.032127540558576584,0.6294727325439453,0.42176252603530884,-0.03596857935190201,0.6006153225898743,0.40875592827796936,-0.03817332163453102
no,0.6961832046508789,0.6964112520217896,-8.484369828920535e-08,0.637089192867279,0.6628754734992981,-0.002767957281321287,0.5853625535964966,0.6129261255264282,-0.008292710408568382,0.5411248207092285,0.5904448628425598,-0.01849937066435814,0.5005490779876709,0.5822732448577881,-0.02839009463787079,0.6229327917098999,0.511210024356842,0.019805515184998512,0.5905789732933044,0.4542832374572754,0.006777626927942038,0.5640140771865845,0.43162959814071655,-0.009932117536664009,0.536205530166626,0.41657018661499023,-0.022699646651744843,0.642106831073761,0.5027362108230591,0.008037173189222813,0.6077205538749695,0.43874573707580566,-0.004594105761498213,0.5771015286445618,0.4139496088027954,-0.019429117441177368,0.5467320084571838,0.4026859402656555,-0.030354401096701622,0.6627532839775085,0.5037220120429993,-0.007711752783507109,0.6321958303451538,0.4339585602283478,-0.02007279545068741,0.5990455150604248,0.409272700548172,-0.02883293107151985,0.5672491788864136,0.40081512928009033,-0.034135837107896805,0.6838949918746948,0.5117402076721191,-0.025053806602954865,0.6606040000915527,0.4507165253162384,-0.03465990349650383,0.6324817538261414,0.4240163564682007,-0.03916351497173309,0.6038526296615601,0.41160714626312256,-0.04209016263484955
no,0.6960871815681458,0.6956973671913147,-9.041501414230879e-08,0.6373175382614136,0.663230299949646,-0.00306532671675086,0.585292637348175,0.6125147938728333,-0.008529226295650005,0.5412583947181702,0.5899879932403564,-0.0185393076390028,0.5004745125770569,0.5833123922348022,-0.02825222723186016,0.6227340698242188,0.5104866027832031,0.018589625135064125,0.5907712578773499,0.45333945751190186,0.005282759200781584,0.5642527937889099,0.43102362751960754,-0.011531311087310314,0.5361157655715942,0.41671866178512573,-0.024169113487005234,0.6417198181152344,0.5017443895339966,0.007194093894213438,0.6075318455696106,0.43747416138648987,-0.005555578041821718,0.576927661895752,0.4131867587566376,-0.020376671105623245,0.5462508797645569,0.40309852361679077,-0.03107643313705921,0.6622596383094788,0.5026184916496277,-0.008100628852844238,0.6316946744918823,0.4325592517852783,-0.020410822704434395,0.5984382629394531,0.40807509422302246,-0.029331820085644722,0.5663573145866394,0.4003652334213257,-0.03455454856157303,0.6832560300827026,0.5106134414672852,-0.024975793436169624,0.6601202487945557,0.44848906993865967,-0.03442884609103203,0.6317802667617798,0.42173153162002563,-0.03890584781765938,0.6028467416763306,0.41027581691741943,-0.041691336780786514
no,0.6958520412445068,0.6954929828643799,-9.149307800271345e-08,0.637140154838562,0.6629466414451599,-0.003410724923014641,0.5853458642959595,0.6126942038536072,-0.009186736308038235,0.5414015650749207,0.590034544467926,-0.01938609778881073,0.5007383823394775,0.5830315351486206,-0.029293449595570564,0.6228699088096619,0.5107568502426147,0.017695974558591843,0.5910473465919495,0.45372211933135986,0.004310510121285915,0.5646117329597473,0.4311627149581909,-0.012506339699029922,0.5366003513336182,0.4162457585334778,-0.02523648552596569,0.641867458820343,0.502214789390564,0.006414865609258413,0.6081579327583313,0.43773362040519714,-0.006451996974647045,0.5776530504226685,0.4132334887981415,-0.02123546414077282,0.5470098257064819,0.40259742736816406,-0.032009053975343704,0.6623611450195312,0.5031538605690002,-0.008735555224120617,0.6322827935218811,0.43295425176620483,-0.021165935322642326,0.599311113357544,0.4085482954978943,-0.030037779361009598,0.5674798488616943,0.4006326198577881,-0.03531799465417862,0.6833896636962891,0.5112053155899048,-0.025480253621935844,0.6606181859970093,0.4491870403289795,-0.03506322205066681,0.6325682401657104,0.4227697253227234,-0.03953846916556358,0.6038941144943237,0.4115433394908905,-0.04237914830446243
no,0.6956624984741211,0.6951455473899841,-9.307346715559106e-08,0.6370000839233398,0.6628212332725525,-0.0032709818333387375,0.5851681232452393,0.6123368740081787,-0.008871429599821568,0.5413140654563904,0.5897029042243958,-0.018918566405773163,0.5006449222564697,0.5828962922096252,-0.028662290424108505,0.6227073073387146,0.5102652311325073,0.018055299296975136,0.5908045768737793,0.4533492922782898,0.00472947908565402,0.5643659830093384,0.43110790848731995,-0.012075027450919151,0.536332905292511,0.41668128967285156,-0.02472655288875103,0.6416422128677368,0.5016320943832397,0.006837327498942614,0.6076430678367615,0.43750515580177307,-0.005905861034989357,0.5771979093551636,0.41331976652145386,-0.020660527050495148,0.5466512441635132,0.403053343296051,-0.031346604228019714,0.6621150970458984,0.5025433301925659,-0.008249668404459953,0.6317582130432129,0.4326678514480591,-0.020522063598036766,0.5988059043884277,0.4083396792411804,-0.029343625530600548,0.5669757127761841,0.4004850685596466,-0.0345466323196888,0.6831362843513489,0.5105893015861511,-0.02492087334394455,0.6602255702018738,0.44872719049453735,-0.03435111790895462,0.6320908665657043,0.42234212160110474,-0.038744181394577026,0.6033304929733276,0.4110889434814453,-0.04148758202791214
no,0.6969542503356934,0.6970637440681458,-8.073418911180852e-08,0.6394788026809692,0.665668785572052,-0.005899334792047739,0.5885128974914551,0.6179014444351196,-0.013267801143229008,0.5431341528892517,0.5960993766784668,-0.02453061006963253,0.5018284916877747,0.5893244743347168,-0.035346463322639465,0.6238400936126709,0.5169728994369507,0.014706992544233799,0.5913991928100586,0.4608977735042572,0.0010217777453362942,0.5651410818099976,0.4375506341457367,-0.015892285853624344,0.5382189750671387,0.4211118221282959,-0.028712322935461998,0.6419509649276733,0.5079421997070312,0.005177262704819441,0.6071590185165405,0.44585299491882324,-0.007801770698279142,0.5778069496154785,0.4200702905654907,-0.022200556471943855,0.5480653643608093,0.4061955213546753,-0.03279157355427742,0.662150502204895,0.507068395614624,-0.00824076309800148,0.6307885646820068,0.4409722089767456,-0.020146239548921585,0.5994482636451721,0.4148499667644501,-0.02802349627017975,0.5680990815162659,0.40249893069267273,-0.03287190943956375,0.6837924718856812,0.5127061009407043,-0.023502148687839508,0.6608476042747498,0.45426487922668457,-0.0321287102997303,0.6340063810348511,0.42707550525665283,-0.03570731729269028,0.6053975224494934,0.41259026527404785,-0.0380973294377327
no,0.6956285238265991,0.6964548826217651,-6.451020340136893e-08,0.6384589076042175,0.6657523512840271,-0.005818075034767389,0.5868377089500427,0.61603182554245,-0.012819554656744003,0.541732907295227,0.5946562886238098,-0.02356858365237713,0.5010908842086792,0.5885616540908813,-0.03394417464733124,0.6230564713478088,0.5160925984382629,0.013948806561529636,0.5909521579742432,0.4595308303833008,-0.0005468669696711004,0.564216136932373,0.43615788221359253,-0.01785643957555294,0.5364871621131897,0.42164477705955505,-0.0306557584553957,0.6418960094451904,0.5075276494026184,0.004372930619865656,0.6071674823760986,0.44560590386390686,-0.009419403038918972,0.5773358345031738,0.4200213551521301,-0.024278873577713966,0.5471013784408569,0.4072633981704712,-0.03482777997851372,0.662756621837616,0.5075503587722778,-0.009036016650497913,0.6308961510658264,0.44136670231819153,-0.021507959812879562,0.5995755791664124,0.41475969552993774,-0.02973843738436699,0.5681218504905701,0.4026912748813629,-0.034589797258377075,0.6848220825195312,0.5144360661506653,-0.024199793115258217,0.6617230176925659,0.4562494456768036,-0.0331641286611557,0.635488748550415,0.4276130199432373,-0.036980755627155304,0.6075016260147095,0.4113647937774658,-0.03937550634145737
no,0.694948136806488,0.6959158182144165,-6.707973199127082e-08,0.6382335424423218,0.6652193069458008,-0.006008212920278311,0.5871286392211914,0.6161012053489685,-0.013183996081352234,0.5422416925430298,0.5945378541946411,-0.024034112691879272,0.5016205906867981,0.5881807804107666,-0.0345144085586071,0.6229848861694336,0.516712486743927,0.013350477442145348,0.5910623073577881,0.4600323438644409,-0.0013266544556245208,0.5643603801727295,0.43650633096694946,-0.018679119646549225,0.5367615818977356,0.4217876195907593,-0.03142838925123215,0.6417023539543152,0.5081208944320679,0.00401331065222621,0.6073693633079529,0.44597333669662476,-0.009876829572021961,0.5775812864303589,0.42022770643234253,-0.024632412940263748,0.5473793148994446,0.40712445974349976,-0.03506629168987274,0.6623473763465881,0.5078181624412537,-0.009129336103796959,0.630966305732727,0.44157394766807556,-0.021564887836575508,0.5998242497444153,0.4149281978607178,-0.02961825393140316,0.5685433149337769,0.40277522802352905,-0.03430610150098801,0.6842597723007202,0.5142902731895447,-0.024031564593315125,0.6614163517951965,0.4560726284980774,-0.03284000605344772,0.6353113651275635,0.42759138345718384,-0.03641996532678604,0.6073372960090637,0.41168248653411865,-0.038606636226177216
no,0.6948143243789673,0.6954889297485352,-6.280178865836206e-08,0.638361394405365,0.6653507947921753,-0.0065301042050123215,0.5872524380683899,0.6164239645004272,-0.014075541868805885,0.5423407554626465,0.5947100520133972,-0.02517055720090866,0.5016358494758606,0.5881636142730713,-0.03587296977639198,0.6231402158737183,0.5164725184440613,0.012434079311788082,0.5911515355110168,0.45986664295196533,-0.002471908461302519,0.5643118023872375,0.43621864914894104,-0.019955527037382126,0.5366052985191345,0.42129793763160706,-0.032795585691928864,0.6418062448501587,0.5079658031463623,0.003303167875856161,0.60731440782547,0.4459894001483917,-0.01080999430269003,0.577390193939209,0.42009302973747253,-0.02564908377826214,0.5470806360244751,0.40663182735443115,-0.0361308678984642,0.6624047756195068,0.507774829864502,-0.009624652564525604,0.6308386325836182,0.4416923522949219,-0.02225772850215435,0.599657416343689,0.41499367356300354,-0.03034132346510887,0.5683281421661377,0.4026535153388977,-0.03502432256937027,0.684286892414093,0.5143465995788574,-0.024340510368347168,0.6614779233932495,0.4560331404209137,-0.03331781551241875,0.6355419754981995,0.4272487759590149,-0.03693977743387222,0.6076878309249878,0.4109969735145569,-0.03911936283111572
no,0.697443962097168,0.6966367959976196,-9.371581910500026e-08,0.6404507160186768,0.6677127480506897,-0.005715079605579376,0.5886826515197754,0.618786096572876,-0.01229466125369072,0.5431379675865173,0.595903754234314,-0.023119516670703888,0.5010854005813599,0.587369978427887,-0.03343479707837105,0.6257510185241699,0.5168255567550659,0.01754685491323471,0.5930062532424927,0.4619619846343994,0.0037128792610019445,0.565325915813446,0.4406221807003021,-0.01342491153627634,0.5370029211044312,0.4276699423789978,-0.02595665492117405,0.6440799236297607,0.5072834491729736,0.007571130990982056,0.6074798703193665,0.44619494676589966,-0.005328246857970953,0.5755676627159119,0.4232448935508728,-0.01981944590806961,0.5445531010627747,0.4136195778846741,-0.02995593473315239,0.663952112197876,0.506210207939148,-0.0066052647307515144,0.6299678683280945,0.43963369727134705,-0.0193930696696043,0.5952389240264893,0.4159172475337982,-0.027282046154141426,0.5624596476554871,0.40754973888397217,-0.031275276094675064,0.68433678150177,0.5118494033813477,-0.022619666531682014,0.658385157585144,0.4493609070777893,-0.03212253749370575,0.6292870044708252,0.42277538776397705,-0.035610899329185486,0.600151777267456,0.4109923839569092,-0.03726763278245926
no,0.6980366706848145,0.6969850063323975,-9.613956564180626e-08,0.6404410600662231,0.6674380302429199,-0.004856902174651623,0.5884066820144653,0.6178693771362305,-0.010857252404093742,0.543067216873169,0.5952609181404114,-0.0212605781853199,0.5011703968048096,0.5871652960777283,-0.03122062049806118,0.6252443194389343,0.5163783431053162,0.01856958121061325,0.5929434895515442,0.46165528893470764,0.005192052572965622,0.5656036734580994,0.44040369987487793,-0.011728046461939812,0.5372910499572754,0.42715734243392944,-0.024272078648209572,0.6438001394271851,0.5069401860237122,0.008148747496306896,0.607684314250946,0.4456842541694641,-0.004468954633921385,0.5758575797080994,0.4227750301361084,-0.018948502838611603,0.5446704030036926,0.4132333993911743,-0.029206646606326103,0.6638606190681458,0.5063927173614502,-0.0064221154898405075,0.6305031180381775,0.43926507234573364,-0.01910427212715149,0.5958221554756165,0.41574573516845703,-0.027155600488185883,0.5629311203956604,0.4075949788093567,-0.031374212354421616,0.6843070983886719,0.5126211047172546,-0.02275259606540203,0.6587653756141663,0.45006728172302246,-0.032330866903066635,0.6294665336608887,0.4239356219768524,-0.03598533570766449,0.6000813841819763,0.41261380910873413,-0.03786007687449455
no,0.6980770230293274,0.6970928907394409,-9.85785533202943e-08,0.6402073502540588,0.6671682000160217,-0.004562998656183481,0.5881084203720093,0.6179306507110596,-0.010411527007818222,0.5429064035415649,0.5955029129981995,-0.020717674866318703,0.5011871457099915,0.5872442126274109,-0.03058547154068947,0.624924898147583,0.5159153938293457,0.018932543694972992,0.5926894545555115,0.4612314701080322,0.005655226297676563,0.5654284954071045,0.440173864364624,-0.011202720925211906,0.5370948314666748,0.4270098805427551,-0.023733697831630707,0.6436365842819214,0.5065150260925293,0.008358568884432316,0.607575535774231,0.4452243745326996,-0.004202617332339287,0.5759036540985107,0.42265743017196655,-0.018686743453145027,0.5447393655776978,0.41353940963745117,-0.028972793370485306,0.663871705532074,0.5060730576515198,-0.006352566182613373,0.6306183934211731,0.4389258623123169,-0.01907726563513279,0.5959274768829346,0.41563957929611206,-0.02721417136490345,0.5629302859306335,0.4078053832054138,-0.031512241810560226,0.6844881772994995,0.5124258399009705,-0.02279125526547432,0.6590030789375305,0.4500464200973511,-0.0324874185025692,0.629616379737854,0.4242267608642578,-0.03627536818385124,0.6001560091972351,0.4131914973258972,-0.03825550526380539
