yes,0.7219600677490234,0.7154901623725891,3.6962828176001494e-07,0.6605706810951233,0.6838268637657166,-0.017277823761105537,0.6183670163154602,0.6137218475341797,-0.025598615407943726,0.6137644052505493,0.5395822525024414,-0.034197479486465454,0.6394838690757751,0.4926499128341675,-0.04181474447250366,0.6390329599380493,0.5078257918357849,-0.005751373711973429,0.6224298477172852,0.41924700140953064,-0.021233025938272476,0.615799069404602,0.36536914110183716,-0.035170670598745346,0.6128407120704651,0.3195189833641052,-0.04583992809057236,0.6704572439193726,0.4968022108078003,-0.010049575939774513,0.651858925819397,0.4027978181838989,-0.02384011074900627,0.6414953470230103,0.34515130519866943,-0.03635674715042114,0.6339551210403442,0.29729822278022766,-0.04505818709731102,0.7059342265129089,0.4992762804031372,-0.01803016848862171,0.6887601017951965,0.408589631319046,-0.032898951321840286,0.6768529415130615,0.35065972805023193,-0.04307800158858299,0.6675700545310974,0.30315786600112915,-0.04996868595480919,0.7471484541893005,0.5134735107421875,-0.02831854671239853,0.7484602332115173,0.44083645939826965,-0.041107263416051865,0.7473914623260498,0.3918875455856323,-0.047197576612234116,0.7457284927368164,0.3484627604484558,-0.051187653094530106
yes,0.7219734191894531,0.7154655456542969,3.697903423471871e-07,0.6606295704841614,0.6839998364448547,-0.017321953549981117,0.6182975769042969,0.6139805912971497,-0.025701750069856644,0.6136360168457031,0.5398489832878113,-0.03433462232351303,0.6393983364105225,0.49290183186531067,-0.041982561349868774,0.6389954090118408,0.5079227685928345,-0.006001630797982216,0.6223639845848083,0.4192727506160736,-0.02150760218501091,0.6157546043395996,0.36537986993789673,-0.03539938107132912,0.6128447651863098,0.31957122683525085,-0.04602875933051109,0.6704316139221191,0.49690133333206177,-0.010281858034431934,0.6517755389213562,0.4027875065803528,-0.0241299606859684,0.6414386630058289,0.34510818123817444,-0.03659557178616524,0.6339653730392456,0.29733145236968994,-0.04524533450603485,0.7059444189071655,0.49936962127685547,-0.01823621243238449,0.688694953918457,0.408590167760849,-0.03316834941506386,0.6767739057540894,0.3505983352661133,-0.04334789142012596,0.66750168800354,0.30304238200187683,-0.05023011192679405,0.7472074031829834,0.5135411024093628,-0.028490940108895302,0.7485218048095703,0.4408208727836609,-0.041345469653606415,0.7474801540374756,0.3918101489543915,-0.047476876527071,0.7458465695381165,0.34831225872039795,-0.051490265876054764
yes,0.7240520119667053,0.7155672311782837,3.7177130707277684e-07,0.6616836190223694,0.6823497414588928,-0.015194134786725044,0.6197144985198975,0.6127543449401855,-0.022281209006905556,0.6177011728286743,0.5413505434989929,-0.030206333845853806,0.6434359550476074,0.4971873164176941,-0.03726046532392502,0.6418759822845459,0.5067315697669983,-0.002190191065892577,0.6266560554504395,0.4192570447921753,-0.01671759784221649,0.6210816502571106,0.3654617369174957,-0.03051462396979332,0.6187338829040527,0.31931865215301514,-0.04123044013977051,0.6728671789169312,0.49645301699638367,-0.007424999959766865,0.6551462411880493,0.4030296802520752,-0.020434029400348663,0.6453167200088501,0.34536871314048767,-0.032922372221946716,0.6380193829536438,0.2969065010547638,-0.041643500328063965,0.7079305648803711,0.4993155300617218,-0.016319958493113518,0.6916801929473877,0.4088687300682068,-0.03076987713575363,0.6801393032073975,0.3514784872531891,-0.04084070399403572,0.6707490682601929,0.30441534519195557,-0.04757421463727951,0.7491345405578613,0.5138956904411316,-0.02742529660463333,0.7521933317184448,0.44156351685523987,-0.040087003260850906,0.7513357400894165,0.3927205801010132,-0.04595426097512245,0.749376118183136,0.3496595323085785,-0.04968363046646118
yes,0.7269091010093689,0.7167878150939941,3.6549525361806445e-07,0.6652606129646301,0.6840741634368896,-0.01650805026292801,0.6228527426719666,0.615432858467102,-0.024871526286005974,0.6194161176681519,0.54339998960495,-0.03376323729753494,0.6437669992446899,0.49655431509017944,-0.04174530506134033,0.6465134024620056,0.5082902908325195,-0.005641452502459288,0.6312459111213684,0.419704407453537,-0.0214142557233572,0.6247965097427368,0.3661623001098633,-0.03553686663508415,0.6212657690048218,0.32072120904922485,-0.0463285818696022,0.6771467924118042,0.4986417293548584,-0.010603814385831356,0.6591388583183289,0.4043930768966675,-0.025052139535546303,0.6491648554801941,0.34705984592437744,-0.03764434531331062,0.6417144536972046,0.2993362545967102,-0.04628336802124977,0.7117910981178284,0.5022541880607605,-0.01924377679824829,0.6949326395988464,0.41091156005859375,-0.03513563796877861,0.6835979223251343,0.35423189401626587,-0.045172519981861115,0.6744775176048279,0.3078908622264862,-0.05165769159793854,0.7525156140327454,0.5176178216934204,-0.03010101243853569,0.7553330063819885,0.4447680115699768,-0.04406272619962692,0.7544500827789307,0.39564162492752075,-0.05037008598446846,0.7524317502975464,0.3521619439125061,-0.05423390492796898
yes,0.7265198826789856,0.7182729840278625,3.7311781397875166e-07,0.6643417477607727,0.6852750778198242,-0.016544803977012634,0.6227090954780579,0.6163321137428284,-0.024719728156924248,0.6190772652626038,0.544898509979248,-0.033297739923000336,0.6412789225578308,0.4982926845550537,-0.04090344160795212,0.6466268301010132,0.5098607540130615,-0.006057782098650932,0.6315944790840149,0.4207199811935425,-0.021536244079470634,0.6251943707466125,0.3669162392616272,-0.03527718037366867,0.6217935681343079,0.32134684920310974,-0.04573593661189079,0.6774648427963257,0.49968767166137695,-0.01090636570006609,0.6593287587165833,0.404751181602478,-0.02512405812740326,0.6491000056266785,0.34712928533554077,-0.03753366321325302,0.6414241790771484,0.2997632324695587,-0.046007636934518814,0.7124226093292236,0.503002405166626,-0.019355224445462227,0.695070743560791,0.4112176299095154,-0.03491080924868584,0.6835024952888489,0.3541749119758606,-0.044786714017391205,0.6744549870491028,0.30793705582618713,-0.05119286850094795,0.7536216378211975,0.5180707573890686,-0.030015097931027412,0.7559838891029358,0.44418978691101074,-0.04354085400700569,0.7552418112754822,0.39500218629837036,-0.04952213168144226,0.7536584138870239,0.3518359661102295,-0.05316706374287605
yes,0.7265229225158691,0.7185945510864258,3.7091905369379674e-07,0.6642317771911621,0.6850016713142395,-0.016508623957633972,0.6227480173110962,0.6157904863357544,-0.024711772799491882,0.6191705465316772,0.5442553758621216,-0.03334162011742592,0.6417422294616699,0.4979506731033325,-0.0410073883831501,0.6468409895896912,0.5097066164016724,-0.005977391730993986,0.6315643191337585,0.42056190967559814,-0.021421054378151894,0.6250348091125488,0.36679279804229736,-0.03513817489147186,0.62153559923172,0.3211388885974884,-0.045611146837472916,0.6777976155281067,0.4996317923069,-0.010856034234166145,0.6595740914344788,0.4048302471637726,-0.0250631682574749,0.6491146683692932,0.3473057150840759,-0.03750256076455116,0.641227126121521,0.30000039935112,-0.04604264721274376,0.7127958536148071,0.5030492544174194,-0.01933499053120613,0.6953279972076416,0.4116286039352417,-0.03483441099524498,0.6833953261375427,0.3546738624572754,-0.04475646838545799,0.6740067005157471,0.30857089161872864,-0.051249608397483826,0.7539363503456116,0.518192708492279,-0.030032450333237648,0.7563684582710266,0.44450974464416504,-0.043462421745061874,0.7555650472640991,0.3952715992927551,-0.04949697479605675,0.7538896203041077,0.35204029083251953,-0.05324363335967064
yes,0.7265469431877136,0.7186168432235718,3.7214906001281634e-07,0.6642311215400696,0.684988796710968,-0.016774917021393776,0.6227476596832275,0.6158480048179626,-0.025185849517583847,0.6192134618759155,0.5442401766777039,-0.033959344029426575,0.6416279077529907,0.4977618455886841,-0.04174952208995819,0.646834671497345,0.5098234415054321,-0.006499822251498699,0.6315035820007324,0.4204634428024292,-0.022133629769086838,0.6248629093170166,0.36651647090911865,-0.035954445600509644,0.621250331401825,0.3207551836967468,-0.046468693763017654,0.6777905821800232,0.49966707825660706,-0.011295706033706665,0.6596393585205078,0.40471914410591125,-0.02563641034066677,0.6490506529808044,0.3469890058040619,-0.03816159814596176,0.6410313844680786,0.2996370196342468,-0.04675135388970375,0.7127591371536255,0.5030691623687744,-0.01968156173825264,0.6953597068786621,0.4114900231361389,-0.035200923681259155,0.6834003925323486,0.35435521602630615,-0.04513728991150856,0.6739601492881775,0.30822938680648804,-0.05164521560072899,0.7537866830825806,0.5182833075523376,-0.03030571900308132,0.7562074661254883,0.4446069598197937,-0.04370753467082977,0.755310595035553,0.39528948068618774,-0.04971523582935333,0.7535716891288757,0.35215842723846436,-0.05343791842460632
yes,0.7286190986633301,0.7196552753448486,3.8140154856591835e-07,0.6664643287658691,0.6864758729934692,-0.017715685069561005,0.6247304081916809,0.6170862317085266,-0.026328865438699722,0.6199386119842529,0.5447391867637634,-0.0352126844227314,0.6444011926651001,0.4980343282222748,-0.04309006780385971,0.6471690535545349,0.5113089680671692,-0.005289587192237377,0.6332570910453796,0.4230028986930847,-0.020992428064346313,0.6277683973312378,0.3693044185638428,-0.0354045070707798,0.6251651644706726,0.32340049743652344,-0.04641414061188698,0.6785523891448975,0.5007253885269165,-0.009531618095934391,0.6626682281494141,0.4052993953227997,-0.023349694907665253,0.6532866358757019,0.3472936153411865,-0.036272794008255005,0.6458044052124023,0.29930782318115234,-0.04539892449975014,0.7133607864379883,0.5045020580291748,-0.017575375735759735,0.6988318562507629,0.4135777950286865,-0.03251258656382561,0.6876397728919983,0.3556881248950958,-0.042889922857284546,0.6783819198608398,0.3089548945426941,-0.049994900822639465,0.7540888786315918,0.5208932161331177,-0.027966395020484924,0.7577635049819946,0.4486284852027893,-0.04079046472907066,0.7571354508399963,0.3991646468639374,-0.04687579348683357,0.7552022933959961,0.35581016540527344,-0.05095123127102852
yes,0.7321983575820923,0.7248181104660034,3.6504047784546856e-07,0.6686636209487915,0.6887262463569641,-0.02062278799712658,0.6259786486625671,0.6219332218170166,-0.03093748167157173,0.6153700947761536,0.5486641526222229,-0.040907882153987885,0.6300706267356873,0.4917982816696167,-0.049042053520679474,0.6486408114433289,0.5194409489631653,-0.003086640266701579,0.6349297761917114,0.4323764443397522,-0.01920824497938156,0.6295573711395264,0.3806229829788208,-0.03430773690342903,0.6278025507926941,0.33687520027160645,-0.04565760865807533,0.6813384890556335,0.5083308219909668,-0.005588211119174957,0.6668995022773743,0.41593077778816223,-0.019590511918067932,0.6599623560905457,0.36152738332748413,-0.03324999660253525,0.6544756293296814,0.316079318523407,-0.04307405650615692,0.715790867805481,0.5117038488388062,-0.012570690363645554,0.7053098082542419,0.4221804738044739,-0.028422866016626358,0.6981539130210876,0.36691612005233765,-0.03862559050321579,0.691704511642456,0.32272154092788696,-0.04550134390592575,0.7558624744415283,0.5273818373680115,-0.02202441543340683,0.7622073292732239,0.4570613205432892,-0.035559896379709244,0.7627610564231873,0.4099165201187134,-0.041324324905872345,0.7608451843261719,0.36877894401550293,-0.04499022290110588
yes,0.7295306324958801,0.7227725386619568,3.950581231038086e-07,0.6675295829772949,0.6884582042694092,-0.019044317305088043,0.6248889565467834,0.6224063634872437,-0.02873874455690384,0.6138324737548828,0.5510901808738708,-0.03816860914230347,0.6288940906524658,0.49805620312690735,-0.045857023447752,0.6467016935348511,0.5166899561882019,-0.004104980267584324,0.6326053142547607,0.4302387535572052,-0.019822409376502037,0.6277639269828796,0.37932634353637695,-0.03432006388902664,0.6268379092216492,0.3360627293586731,-0.04514260217547417,0.6795289516448975,0.5066978931427002,-0.0070619769394397736,0.6652222871780396,0.4150089919567108,-0.020274128764867783,0.6588807702064514,0.36070722341537476,-0.03272756561636925,0.654664933681488,0.3158905506134033,-0.04161636531352997,0.7144725918769836,0.511035144329071,-0.01417020708322525,0.7037737965583801,0.42214149236679077,-0.028667399659752846,0.6964882612228394,0.36753034591674805,-0.0375838428735733,0.6908323764801025,0.3235436677932739,-0.043712079524993896,0.7549406290054321,0.5272425413131714,-0.023700762540102005,0.760178804397583,0.45721912384033203,-0.03635983541607857,0.7604854106903076,0.41068127751350403,-0.041465166956186295,0.75923752784729,0.3693827688694,-0.044621121138334274
yes,0.7305101156234741,0.72231125831604,3.909862300588429e-07,0.6685985922813416,0.6893417835235596,-0.020161760970950127,0.6252872347831726,0.6242088675498962,-0.03045138716697693,0.6133368015289307,0.5527941584587097,-0.040280163288116455,0.6287635564804077,0.49927350878715515,-0.04835019260644913,0.6478055715560913,0.5188134908676147,-0.0057327053509652615,0.6333951950073242,0.43176501989364624,-0.022100666537880898,0.6283042430877686,0.38040414452552795,-0.03684964030981064,0.6273188591003418,0.33694860339164734,-0.04771919548511505,0.6805729269981384,0.5081732869148254,-0.008193022571504116,0.6658446192741394,0.41578730940818787,-0.022114746272563934,0.6593033075332642,0.36090654134750366,-0.03486085683107376,0.6550543904304504,0.3157409429550171,-0.04380606487393379,0.7154185175895691,0.5117238163948059,-0.014846749603748322,0.7043921947479248,0.42255568504333496,-0.030048979446291924,0.6970891952514648,0.36768972873687744,-0.039359334856271744,0.6913353800773621,0.32366451621055603,-0.04555271938443184,0.7555543780326843,0.5272366404533386,-0.023950206115841866,0.7603591680526733,0.4569770097732544,-0.037163153290748596,0.7603999376296997,0.41028445959091187,-0.04255920648574829,0.7588553428649902,0.3690745234489441,-0.04577997326850891
yes,0.7296665906906128,0.7220423221588135,3.9021028896968346e-07,0.6684364080429077,0.6891093254089355,-0.01966286078095436,0.625296413898468,0.6238478422164917,-0.029765307903289795,0.6132825016975403,0.5526334047317505,-0.0394800640642643,0.6286647319793701,0.49936115741729736,-0.047444235533475876,0.6475756764411926,0.5181286334991455,-0.005531366914510727,0.6331037878990173,0.4314242899417877,-0.021802231669425964,0.6280877590179443,0.3803153932094574,-0.03644472360610962,0.6272831559181213,0.3370787501335144,-0.047195326536893845,0.6801100373268127,0.5078425407409668,-0.008163964375853539,0.6653161644935608,0.41583579778671265,-0.021889042109251022,0.6588735580444336,0.36106550693511963,-0.03437666967511177,0.6548644304275513,0.31600165367126465,-0.04310628026723862,0.7148988842964172,0.5115940570831299,-0.014927919954061508,0.7038651704788208,0.4226405620574951,-0.02984534576535225,0.6966652274131775,0.36789175868034363,-0.03882182389497757,0.6910734176635742,0.3238288164138794,-0.04478197172284126,0.7550414204597473,0.5272034406661987,-0.024119749665260315,0.7598174810409546,0.456925630569458,-0.03704174980521202,0.7598934173583984,0.410281777381897,-0.04216403141617775,0.7583976984024048,0.36903971433639526,-0.04517029598355293
yes,0.735450804233551,0.7375814318656921,3.1261205890587007e-07,0.6712032556533813,0.696045994758606,-0.020609961822628975,0.6271292567253113,0.6269956231117249,-0.029566576704382896,0.6128784418106079,0.5520782470703125,-0.03857172653079033,0.6298856139183044,0.49242472648620605,-0.04539714381098747,0.6575945615768433,0.5317875146865845,0.007612048182636499,0.6442219018936157,0.45286136865615845,-0.005690231453627348,0.6399126052856445,0.40715473890304565,-0.020201634615659714,0.6394267082214355,0.367186963558197,-0.03142513707280159,0.6902357339859009,0.5214412808418274,0.005747257731854916,0.6778236627578735,0.436987966299057,-0.005450981203466654,0.6717633605003357,0.3875828981399536,-0.018219904974102974,0.6674491763114929,0.34516143798828125,-0.027480795979499817,0.7232731580734253,0.5258322358131409,-0.0014103924622759223,0.7136169672012329,0.4417620003223419,-0.015217484906315804,0.7058978080749512,0.39142146706581116,-0.02302984707057476,0.6999611854553223,0.3496992588043213,-0.027993598952889442,0.7609822750091553,0.5416151881217957,-0.011355381458997726,0.7640253901481628,0.4726102352142334,-0.022198138758540154,0.7629435658454895,0.4290735423564911,-0.025197407230734825,0.7606770992279053,0.39005160331726074,-0.026945874094963074
yes,0.7339378595352173,0.7337892055511475,3.6715002238452144e-07,0.670405924320221,0.6938754320144653,-0.020504601299762726,0.6263828277587891,0.6257563233375549,-0.029328322038054466,0.61368727684021,0.5503350496292114,-0.037929944694042206,0.631118655204773,0.49214762449264526,-0.0443250834941864,0.6543877720832825,0.5305551290512085,0.005399038083851337,0.6411965489387512,0.4503982663154602,-0.00802755169570446,0.6369556188583374,0.4046490788459778,-0.02176968939602375,0.6368100047111511,0.3659045696258545,-0.03203623741865158,0.687681257724762,0.5211929678916931,0.004171003121882677,0.6765998005867004,0.43640777468681335,-0.006513096392154694,0.6720802783966064,0.38714420795440674,-0.01841736026108265,0.6691914796829224,0.3459586799144745,-0.026865914463996887,0.7216698527336121,0.525566577911377,-0.0021174363791942596,0.7135047912597656,0.44325146079063416,-0.01483230758458376,0.7074429988861084,0.39284080266952515,-0.02245095744729042,0.703120768070221,0.3516748547554016,-0.02734317071735859,0.759817361831665,0.5410537719726562,-0.011173081584274769,0.7636237740516663,0.4746165871620178,-0.021285628899931908,0.7638795375823975,0.43179166316986084,-0.024531550705432892,0.7631310224533081,0.3937087953090668,-0.026329023763537407
yes,0.7337286472320557,0.7325220704078674,3.6445470641410793e-07,0.6706631779670715,0.6939218044281006,-0.01967853680253029,0.6269737482070923,0.6258256435394287,-0.02825636975467205,0.6138573884963989,0.5512063503265381,-0.03672964498400688,0.6305205225944519,0.49345630407333374,-0.043120600283145905,0.6549575924873352,0.5308935642242432,0.004780877381563187,0.641823410987854,0.4508320093154907,-0.008888511918485165,0.637881875038147,0.4047796428203583,-0.02263307198882103,0.6379635334014893,0.3661115765571594,-0.032892484217882156,0.6877638697624207,0.5214360356330872,0.0030605264473706484,0.676437497138977,0.4362890124320984,-0.008098866790533066,0.6720094084739685,0.38643038272857666,-0.02018105238676071,0.6690479516983032,0.34482938051223755,-0.02866002358496189,0.7215396165847778,0.5256990790367126,-0.003540568985044956,0.7128794193267822,0.4429607391357422,-0.016665063798427582,0.7066538333892822,0.3920723497867584,-0.024484461173415184,0.7021011710166931,0.35046911239624023,-0.029464690014719963,0.759746789932251,0.5411026477813721,-0.012779051437973976,0.7635524868965149,0.47465723752975464,-0.023295138031244278,0.7635350227355957,0.4312906563282013,-0.026803867891430855,0.7623225450515747,0.3926272392272949,-0.028769107535481453
yes,0.7339954376220703,0.7323689460754395,3.6443967132981925e-07,0.6708374619483948,0.6941529512405396,-0.020127512514591217,0.6270850896835327,0.6260595917701721,-0.028903184458613396,0.6140194535255432,0.5513843894004822,-0.03745407983660698,0.63075852394104,0.4932917356491089,-0.04389963671565056,0.654788613319397,0.5311098098754883,0.004019554238766432,0.6414765119552612,0.45092517137527466,-0.009904487989842892,0.6375552415847778,0.4047391414642334,-0.023750634863972664,0.6376369595527649,0.36592867970466614,-0.034066688269376755,0.6877018809318542,0.5213255882263184,0.0025118591729551554,0.6763024926185608,0.4364404082298279,-0.008874766528606415,0.6718276143074036,0.3865554630756378,-0.02105516940355301,0.6687706112861633,0.3448530435562134,-0.02960711158812046,0.7215396761894226,0.5253931879997253,-0.003887709230184555,0.7128608226776123,0.4428894519805908,-0.017212795093655586,0.7065911293029785,0.39209163188934326,-0.025155043229460716,0.7019455432891846,0.3504784405231476,-0.030210629105567932,0.7597966194152832,0.5406450629234314,-0.012943822890520096,0.7634089589118958,0.4742427468299866,-0.023710519075393677,0.7633657455444336,0.4309120774269104,-0.02740124613046646,0.7621282339096069,0.3922309875488281,-0.029467996209859848
yes,0.7177894711494446,0.7547339797019958,-1.5371718120604783e-07,0.658621609210968,0.7090421915054321,-0.013092792592942715,0.6153303384780884,0.6482188701629639,-0.024941373616456985,0.604718804359436,0.5839359760284424,-0.03971068188548088,0.6216680407524109,0.5293337106704712,-0.051882583647966385,0.6445719599723816,0.5471643209457397,0.006602249573916197,0.6411228775978088,0.4793248772621155,-0.019443809986114502,0.6344220042228699,0.4867594242095947,-0.040827129036188126,0.6305274367332458,0.5057883262634277,-0.05220063403248787,0.6813135743141174,0.5386573672294617,-0.0007051971042528749,0.6803217530250549,0.46212038397789,-0.025494661182165146,0.675236701965332,0.47467079758644104,-0.041144851595163345,0.6705131530761719,0.494780033826828,-0.0467362105846405,0.7180159687995911,0.5444769859313965,-0.012759105302393436,0.7171822786331177,0.4719957113265991,-0.032405827194452286,0.7134740352630615,0.4775005578994751,-0.033177390694618225,0.7084786295890808,0.48939990997314453,-0.02895876206457615,0.7542421221733093,0.5647819638252258,-0.027028502896428108,0.7604569792747498,0.5010070204734802,-0.037294138222932816,0.7609531283378601,0.4803360104560852,-0.034002821892499924,0.7581405639648438,0.46706274151802063,-0.028485450893640518
yes,0.7168086171150208,0.7524515390396118,-6.38588062429335e-08,0.6593453288078308,0.7086431384086609,-0.014096071943640709,0.6159912347793579,0.64572674036026,-0.024977315217256546,0.6054532527923584,0.5810649991035461,-0.037958528846502304,0.6234291791915894,0.52790766954422,-0.04812359809875488,0.6478458046913147,0.5467754602432251,0.007640557363629341,0.6447127461433411,0.4797186255455017,-0.013746082782745361,0.637277364730835,0.47652357816696167,-0.031973615288734436,0.6327652335166931,0.48558637499809265,-0.042229652404785156,0.6833106875419617,0.5415207147598267,0.002382000209763646,0.6808431148529053,0.4689377546310425,-0.018009986728429794,0.6755067706108093,0.4755181670188904,-0.031166039407253265,0.671745240688324,0.4900861978530884,-0.035745635628700256,0.7181817293167114,0.5498254299163818,-0.007556994445621967,0.7160829305648804,0.4816891551017761,-0.02378981187939644,0.7103795409202576,0.4826388359069824,-0.02312680520117283,0.705482542514801,0.4892720580101013,-0.018931331112980843,0.7529469132423401,0.5721060633659363,-0.019871681928634644,0.7585218548774719,0.5146365761756897,-0.028903143480420113,0.7560890913009644,0.5009071826934814,-0.025041921064257622,0.7518063187599182,0.49318498373031616,-0.019426317885518074
yes,0.7149572372436523,0.7494714260101318,2.4597854419994292e-08,0.6583966016769409,0.7082916498184204,-0.014943418093025684,0.6161127090454102,0.6454751491546631,-0.025837421417236328,0.6062290072441101,0.5824947953224182,-0.038048435002565384,0.6241991519927979,0.5307143330574036,-0.04784666374325752,0.6483762860298157,0.5481540560722351,0.0039070830680429935,0.6450873017311096,0.482560932636261,-0.015247958712279797,0.6391395330429077,0.4697806239128113,-0.03206664323806763,0.6346583366394043,0.46857497096061707,-0.04226814582943916,0.683576226234436,0.5427647829055786,-0.0007009092369116843,0.680253803730011,0.473127543926239,-0.01837567612528801,0.6757578253746033,0.46815282106399536,-0.030837157741189003,0.6719210743904114,0.4722599983215332,-0.036152470856904984,0.718079149723053,0.5512125492095947,-0.009608197957277298,0.7151569128036499,0.48560380935668945,-0.02410423569381237,0.7105759978294373,0.47509849071502686,-0.0237822774797678,0.7066404223442078,0.4702109098434448,-0.02088410221040249,0.7527545690536499,0.5738444328308105,-0.0209121685475111,0.7574595212936401,0.5182214975357056,-0.030167223885655403,0.7566571235656738,0.4984729588031769,-0.026811012998223305,0.7540267109870911,0.48431217670440674,-0.021916363388299942
yes,0.7146848440170288,0.7471045255661011,2.436505752712037e-08,0.6578426361083984,0.706870436668396,-0.014245273545384407,0.6152963638305664,0.6451813578605652,-0.02433899976313114,0.6052253246307373,0.5835452675819397,-0.03578036278486252,0.6230711340904236,0.5326682925224304,-0.04487316682934761,0.64759761095047,0.5492205619812012,0.005219485145062208,0.6428905129432678,0.4875553250312805,-0.013483789749443531,0.6379427313804626,0.47475600242614746,-0.030201207846403122,0.6343976259231567,0.4730554223060608,-0.040381189435720444,0.6828663945198059,0.5418646931648254,0.00038030758150853217,0.6788724660873413,0.47415482997894287,-0.016362713649868965,0.675165057182312,0.4691433310508728,-0.028562288731336594,0.6719679832458496,0.47278517484664917,-0.033864885568618774,0.7176695466041565,0.5492632389068604,-0.008756107650697231,0.7140661478042603,0.48502442240715027,-0.023178763687610626,0.7101272940635681,0.47510868310928345,-0.023212125524878502,0.7067155838012695,0.4703826904296875,-0.02053193561732769,0.7526741623878479,0.5715343952178955,-0.020181963220238686,0.7574832439422607,0.5165368914604187,-0.029758961871266365,0.7581254839897156,0.49792027473449707,-0.02653180994093418,0.7568190097808838,0.48462197184562683,-0.0216557364910841
yes,0.714181661605835,0.7641897201538086,-4.2446430370546295e-07,0.6569917798042297,0.7373195886611938,-0.013804805465042591,0.6050071716308594,0.6938208937644958,-0.02516167424619198,0.5784834027290344,0.644557535648346,-0.040076058357954025,0.5975387096405029,0.6190831661224365,-0.051452890038490295,0.6350423097610474,0.5985620617866516,0.00390385533683002,0.6218618750572205,0.5301902294158936,-0.02337738499045372,0.6182259917259216,0.571735143661499,-0.04107798635959625,0.6235554218292236,0.6100902557373047,-0.048742737621068954,0.6702184081077576,0.5907391905784607,-0.0026303480844944715,0.6602358222007751,0.5191907286643982,-0.028988666832447052,0.6548287272453308,0.5687223076820374,-0.03742409497499466,0.6588799953460693,0.6045085787773132,-0.03606561943888664,0.7066660523414612,0.5920958518981934,-0.014409872703254223,0.698786199092865,0.5235720276832581,-0.03780296444892883,0.6917972564697266,0.570534348487854,-0.03274688124656677,0.6944698691368103,0.6069364547729492,-0.02212786115705967,0.7439073324203491,0.6030810475349426,-0.028292711824178696,0.7412068843841553,0.5467750430107117,-0.03925194963812828,0.7311850786209106,0.5791241526603699,-0.031430989503860474,0.7301316261291504,0.6099105477333069,-0.021745016798377037
yes,0.7130135893821716,0.7592632174491882,-3.6346895626593323e-07,0.6558548212051392,0.7362088561058044,-0.015137962065637112,0.6037127375602722,0.6944332718849182,-0.02661331370472908,0.5758451819419861,0.6467132568359375,-0.04090142622590065,0.5970478057861328,0.6180707216262817,-0.05147531256079674,0.6333489418029785,0.5973482131958008,0.0019476116867735982,0.621102511882782,0.5336193442344666,-0.025212334468960762,0.6186621785163879,0.5761023759841919,-0.04243359714746475,0.6232795715332031,0.6117126941680908,-0.04964541271328926,0.6686288118362427,0.5891603827476501,-0.003670073812827468,0.6585580706596375,0.5221646428108215,-0.03066682443022728,0.653507649898529,0.5726028084754944,-0.039291270077228546,0.656671404838562,0.6061187982559204,-0.037439629435539246,0.7050608992576599,0.5914424657821655,-0.014411166310310364,0.6976214051246643,0.5275226831436157,-0.03852063789963722,0.6897642612457275,0.5740246772766113,-0.03447869047522545,0.6903008222579956,0.6072099804878235,-0.02404245361685753,0.7428512573242188,0.6037449240684509,-0.027046211063861847,0.7404521107673645,0.5477680563926697,-0.03891044110059738,0.7308651804924011,0.579436182975769,-0.03184507414698601,0.7285170555114746,0.6089659929275513,-0.02225927636027336
yes,0.711620032787323,0.7562788724899292,-3.6109204870626854e-07,0.6556586027145386,0.7347508072853088,-0.015376565977931023,0.6038051843643188,0.6929882168769836,-0.02674085460603237,0.5757103562355042,0.6463857889175415,-0.04073793813586235,0.5968605279922485,0.6180344223976135,-0.05095072090625763,0.6330779790878296,0.5974910855293274,0.0009989175014197826,0.620979368686676,0.5350247025489807,-0.026246046647429466,0.6191699504852295,0.5774943828582764,-0.043307073414325714,0.623803436756134,0.612286388874054,-0.050394218415021896,0.6681464314460754,0.5889512300491333,-0.004445276223123074,0.6582798957824707,0.5231566429138184,-0.031646791845560074,0.6535340547561646,0.5738116502761841,-0.04003698751330376,0.656731903553009,0.6069930195808411,-0.037825748324394226,0.7045904994010925,0.5912643671035767,-0.014967666938900948,0.6971737742424011,0.5281246900558472,-0.03940422460436821,0.6895360350608826,0.5752668380737305,-0.0353434681892395,0.6902399659156799,0.6084625124931335,-0.02463528700172901,0.7425899505615234,0.6038029193878174,-0.027348702773451805,0.7401783466339111,0.5486971735954285,-0.03979558125138283,0.7302402257919312,0.58028644323349,-0.03306346386671066,0.7275642156600952,0.6099069714546204,-0.023476004600524902
yes,0.7098454236984253,0.753700852394104,-3.524743590332946e-07,0.6552639603614807,0.734451949596405,-0.01574978418648243,0.6040487885475159,0.692732572555542,-0.027331942692399025,0.5765303373336792,0.6471160650253296,-0.04131271317601204,0.5963163375854492,0.6190463900566101,-0.05145326256752014,0.632367730140686,0.5981922149658203,-0.0008033812628127635,0.6210258603096008,0.5356349349021912,-0.028187880292534828,0.6196093559265137,0.5774364471435547,-0.045119885355234146,0.6238994598388672,0.612331748008728,-0.05211051180958748,0.6675382256507874,0.5895656943321228,-0.0061576636508107185,0.658007025718689,0.5239192843437195,-0.03372257575392723,0.6535829901695251,0.5740187764167786,-0.04214099049568176,0.6563831567764282,0.6075005531311035,-0.03993226960301399,0.7038288712501526,0.5919806957244873,-0.016497410833835602,0.6966214776039124,0.5289199948310852,-0.04107775539159775,0.6894408464431763,0.5753414630889893,-0.03701381757855415,0.6897926330566406,0.6081944704055786,-0.026361508294939995,0.7413841485977173,0.6046385169029236,-0.028694801032543182,0.7396885752677917,0.5504122972488403,-0.041470788419246674,0.7304717302322388,0.5806373357772827,-0.035029999911785126,0.727860689163208,0.6090764403343201,-0.02565506286919117
yes,0.6935678720474243,0.7317214608192444,2.2982594316545146e-07,0.6469162106513977,0.7296463847160339,-0.012742627412080765,0.606561005115509,0.709100604057312,-0.020501544699072838,0.5845303535461426,0.6896820068359375,-0.027150508016347885,0.5758465528488159,0.669409453868866,-0.03383428603410721,0.6311859488487244,0.6473281383514404,-0.01799432560801506,0.6189209222793579,0.609703004360199,-0.030192967504262924,0.6121606230735779,0.5865685939788818,-0.04001319035887718,0.6068249344825745,0.5663475394248962,-0.04748952016234398,0.6574986577033997,0.6376818418502808,-0.020403549075126648,0.6482419967651367,0.5995118021965027,-0.031189171597361565,0.64327472448349,0.5747789740562439,-0.03878917545080185,0.6394645571708679,0.5516232252120972,-0.04485751688480377,0.6839099526405334,0.6380307674407959,-0.024071156978607178,0.677817165851593,0.6027601957321167,-0.036550723016262054,0.6752620935440063,0.5809884071350098,-0.03933168575167656,0.673403263092041,0.5601227879524231,-0.04078086465597153,0.7104705572128296,0.6454470753669739,-0.028586890548467636,0.7092961072921753,0.6145169734954834,-0.03968067094683647,0.7080742120742798,0.5943429470062256,-0.040097594261169434,0.7064090967178345,0.5766721367835999,-0.03964253142476082
yes,0.7052907943725586,0.756406843662262,-3.7545285636042536e-07,0.6493244767189026,0.739848256111145,-0.013577627018094063,0.5980639457702637,0.7085910439491272,-0.026316659525036812,0.574073851108551,0.6744678020477295,-0.04168539121747017,0.5900753736495972,0.6551238894462585,-0.05433142930269241,0.6259672045707703,0.6085712909698486,-0.005579849239438772,0.6100571751594543,0.5543524026870728,-0.033354755491018295,0.6026551723480225,0.5999526381492615,-0.050552308559417725,0.6065005660057068,0.637523353099823,-0.05826772749423981,0.6600155234336853,0.6029300093650818,-0.012834962457418442,0.6467257738113403,0.5431456565856934,-0.04137491062283516,0.6366192698478699,0.5966541171073914,-0.04978523775935173,0.6385762095451355,0.6312043070793152,-0.0480954572558403,0.6942551732063293,0.6069004535675049,-0.024441411718726158,0.6848074197769165,0.5534413456916809,-0.049513064324855804,0.673884391784668,0.6042231321334839,-0.04470013827085495,0.6730409860610962,0.637793779373169,-0.034210752695798874,0.7302049994468689,0.6194118857383728,-0.03771647438406944,0.7227672934532166,0.574418306350708,-0.05028906092047691,0.7108404636383057,0.609219491481781,-0.042386218905448914,0.7068368792533875,0.63618004322052,-0.03251604363322258
yes,0.7036014795303345,0.7521685361862183,-3.742129024431051e-07,0.6499625444412231,0.7395541667938232,-0.013448307290673256,0.5989509224891663,0.7100013494491577,-0.025592675432562828,0.5745325684547424,0.6763843297958374,-0.03998671844601631,0.5904371738433838,0.6555045247077942,-0.05132143571972847,0.6248330473899841,0.6097432971000671,-0.006400627549737692,0.6087278127670288,0.5569721460342407,-0.03372587263584137,0.6032214164733887,0.6028501391410828,-0.049389902502298355,0.607215940952301,0.6365503072738647,-0.05597947537899017,0.6583792567253113,0.6015801429748535,-0.013153988867998123,0.6448383331298828,0.5447674989700317,-0.040714483708143234,0.6371312737464905,0.5999236106872559,-0.04695400595664978,0.6405487060546875,0.6299973726272583,-0.04376203566789627,0.692842960357666,0.6043838858604431,-0.02425745502114296,0.6833587884902954,0.5539596676826477,-0.049044761806726456,0.6743871569633484,0.6064328551292419,-0.043094899505376816,0.675092875957489,0.6364057660102844,-0.03176895156502724,0.7299942970275879,0.6157137155532837,-0.03695255145430565,0.7233820557594299,0.5706931948661804,-0.04985588788986206,0.7117295265197754,0.6072396039962769,-0.041940875351428986,0.7076006531715393,0.6343855857849121,-0.03186694532632828
yes,0.7030421495437622,0.7494249939918518,-3.7691842180720414e-07,0.6513895988464355,0.7395340204238892,-0.012468529865145683,0.600244402885437,0.7097867131233215,-0.02326088771224022,0.575982391834259,0.67756187915802,-0.036259740591049194,0.5893868207931519,0.6562627553939819,-0.04628778621554375,0.6249046325683594,0.6109632253646851,-0.006257854402065277,0.6095314025878906,0.5583943128585815,-0.033097147941589355,0.6036189794540405,0.603736937046051,-0.04808312654495239,0.6070564389228821,0.6371517181396484,-0.05412813276052475,0.6579381823539734,0.6024116277694702,-0.01310793124139309,0.645006000995636,0.5460382699966431,-0.03991730883717537,0.6372354626655579,0.6010042428970337,-0.04556134343147278,0.6404348015785217,0.6298015713691711,-0.04207012057304382,0.6919544339179993,0.604828953742981,-0.024152712896466255,0.682948887348175,0.5554981827735901,-0.04835311323404312,0.6745400428771973,0.6081010699272156,-0.04204067587852478,0.6752527952194214,0.6362969279289246,-0.030749380588531494,0.7285022735595703,0.6157572269439697,-0.0366661436855793,0.7223454713821411,0.5721970796585083,-0.04943297430872917,0.7111458778381348,0.609426736831665,-0.04132493957877159,0.7071770429611206,0.6352686285972595,-0.031212737783789635
yes,0.7025129795074463,0.7480754256248474,-3.7557063592430495e-07,0.6517800092697144,0.7392939329147339,-0.012278358452022076,0.6009423732757568,0.7093315720558167,-0.02256082184612751,0.5766991972923279,0.6771870255470276,-0.03500434011220932,0.5895538330078125,0.6560596823692322,-0.044464144855737686,0.6247639656066895,0.6115052103996277,-0.0056328014470636845,0.6089838147163391,0.5601888298988342,-0.032078616321086884,0.6036655306816101,0.6053975224494934,-0.04681672528386116,0.6076164245605469,0.6382350921630859,-0.05275208503007889,0.6575684547424316,0.6025232672691345,-0.012499100528657436,0.6444298028945923,0.5470919609069824,-0.03895574063062668,0.6370728015899658,0.6016131043434143,-0.04460008814930916,0.6406059265136719,0.6293211579322815,-0.04114270955324173,0.6916050314903259,0.6045991778373718,-0.02354002557694912,0.682588517665863,0.5561208128929138,-0.047542866319417953,0.6742022037506104,0.6083224415779114,-0.04149622842669487,0.6748809218406677,0.63523268699646,-0.0304409246891737,0.7282535433769226,0.6151888370513916,-0.03601119667291641,0.7219120264053345,0.5725744366645813,-0.048654407262802124,0.7106372714042664,0.6097720265388489,-0.04071086272597313,0.7066140174865723,0.6348599791526794,-0.03075689822435379
yes,0.6951780319213867,0.7331573963165283,-4.507585344981635e-07,0.6484633684158325,0.7320165038108826,-0.02441983111202717,0.5983466506004333,0.7141168713569641,-0.04344791918992996,0.5681119561195374,0.6954712867736816,-0.062089886516332626,0.5873504877090454,0.680328905582428,-0.07612059265375137,0.6079244017601013,0.5737439393997192,-0.014756860211491585,0.5886973142623901,0.5723922252655029,-0.05125404894351959,0.5872309803962708,0.6278723478317261,-0.07246265560388565,0.5935001969337463,0.6602687239646912,-0.08194691687822342,0.6437728404998779,0.5603354573249817,-0.016845544800162315,0.6255844831466675,0.5792285203933716,-0.050577886402606964,0.6260859966278076,0.6429885029792786,-0.056494198739528656,0.631033182144165,0.6575899124145508,-0.052762068808078766,0.6805251836776733,0.566018283367157,-0.025262070819735527,0.6649870872497559,0.5927302837371826,-0.05315012484788895,0.6639310717582703,0.6457884311676025,-0.044858500361442566,0.6671329140663147,0.6522647142410278,-0.03216790407896042,0.7168393731117249,0.5823004841804504,-0.037018902599811554,0.7019215226173401,0.6039358973503113,-0.048752959817647934,0.6976832151412964,0.6423180103302002,-0.04087316244840622,0.6998118162155151,0.645837128162384,-0.030736440792679787
yes,0.6959511041641235,0.7347197532653809,-4.749870754494623e-07,0.6473125219345093,0.7307211756706238,-0.02539047971367836,0.5966346263885498,0.7135043144226074,-0.045514825731515884,0.5689453482627869,0.6954150199890137,-0.06501812487840652,0.5933831334114075,0.6816920042037964,-0.079503633081913,0.6063150763511658,0.5714352130889893,-0.016609760001301765,0.5884264707565308,0.578213095664978,-0.052572883665561676,0.5878931283950806,0.6365768909454346,-0.07294446229934692,0.5957150459289551,0.6637747287750244,-0.08252549916505814,0.6431514620780945,0.5579750537872314,-0.0187473576515913,0.6254752278327942,0.5808988809585571,-0.05203588679432869,0.625787079334259,0.6452463865280151,-0.05699346587061882,0.6328279972076416,0.6556822657585144,-0.05295247957110405,0.6810966730117798,0.563485324382782,-0.027147218585014343,0.6659019589424133,0.5960044860839844,-0.05455715209245682,0.6645286083221436,0.6499260663986206,-0.0457184836268425,0.6698048114776611,0.6526216268539429,-0.03296530991792679,0.7183953523635864,0.579727053642273,-0.039069779217243195,0.7028200626373291,0.6076855659484863,-0.05005170777440071,0.698549747467041,0.6461338400840759,-0.04208584129810333,0.7024654746055603,0.6465975046157837,-0.032256875187158585
yes,0.6978865265846252,0.7362072467803955,-4.825055839319248e-07,0.6497151851654053,0.7330259084701538,-0.025449363514780998,0.5977447628974915,0.7151981592178345,-0.045049749314785004,0.5683815479278564,0.6967469453811646,-0.06407065689563751,0.5903143882751465,0.6814193725585938,-0.07797572016716003,0.6067052483558655,0.5738486647605896,-0.016487741842865944,0.588301956653595,0.5739098191261292,-0.05305595323443413,0.5869006514549255,0.6325828433036804,-0.07345309108495712,0.5941885709762573,0.6614996790885925,-0.08283181488513947,0.6433833837509155,0.5592979788780212,-0.018536655232310295,0.625482976436615,0.5803825259208679,-0.05360492318868637,0.6255950927734375,0.6465355157852173,-0.05914336442947388,0.6319668889045715,0.6579238176345825,-0.0548635758459568,0.6812664866447449,0.5642316937446594,-0.02694176882505417,0.6658982038497925,0.5954281091690063,-0.05552719160914421,0.6651521921157837,0.6502829790115356,-0.04678506776690483,0.6703367829322815,0.652853786945343,-0.03372384235262871,0.7188655734062195,0.5794955492019653,-0.0388483963906765,0.7036513686180115,0.6070132255554199,-0.050810497254133224,0.6995737552642822,0.6462807655334473,-0.04316871240735054,0.7031412124633789,0.6462337970733643,-0.033248044550418854
yes,0.697918176651001,0.7361904978752136,-4.837479536945466e-07,0.6492353081703186,0.7324196100234985,-0.025859054177999496,0.5979078412055969,0.7149929404258728,-0.04586750268936157,0.568321943283081,0.6970673203468323,-0.06524103879928589,0.5909807682037354,0.6813239455223083,-0.07946077734231949,0.6063590049743652,0.5712348818778992,-0.016254611313343048,0.5882562398910522,0.5777046084403992,-0.05272092670202255,0.5875085592269897,0.6367688179016113,-0.07330802083015442,0.5951260328292847,0.6637461185455322,-0.08291798084974289,0.6431151032447815,0.5575851202011108,-0.018230950459837914,0.6251552700996399,0.5810065269470215,-0.05252574756741524,0.6251786351203918,0.646394670009613,-0.05784134566783905,0.6317472457885742,0.6565729975700378,-0.05371921882033348,0.6812472939491272,0.5631331205368042,-0.02660391293466091,0.6654837727546692,0.595910370349884,-0.05478636920452118,0.6643925309181213,0.650322675704956,-0.04590010270476341,0.6698528528213501,0.652195930480957,-0.032860830426216125,0.71868497133255,0.5794666409492493,-0.03854408487677574,0.7029895782470703,0.6081099510192871,-0.04991030693054199,0.6991845369338989,0.6463313102722168,-0.042015403509140015,0.7036159038543701,0.6455032825469971,-0.03207119181752205
yes,0.6973060965538025,0.6993103623390198,-2.8800451445931685e-07,0.6467747688293457,0.7019374370574951,-0.027601495385169983,0.5986219644546509,0.6962703466415405,-0.04740848392248154,0.5736939311027527,0.6925638318061829,-0.06345725804567337,0.5855923891067505,0.6890273094177246,-0.0742017924785614,0.5840544700622559,0.5508676171302795,-0.02901863120496273,0.577153205871582,0.626499354839325,-0.05220196396112442,0.5912275314331055,0.663766622543335,-0.06411507725715637,0.5991238355636597,0.6554295420646667,-0.07143797725439072,0.6257997155189514,0.5379560589790344,-0.028087258338928223,0.6199652552604675,0.6292901039123535,-0.048332154750823975,0.6281272768974304,0.6587100625038147,-0.05088096112012863,0.6321917772293091,0.642815887928009,-0.05075216665863991,0.6680361032485962,0.5440425276756287,-0.030792437493801117,0.6617604494094849,0.6320404410362244,-0.04877615347504616,0.666812539100647,0.655458390712738,-0.04157640412449837,0.6701247096061707,0.6338663101196289,-0.03455528989434242,0.7074612379074097,0.5596457719802856,-0.03707941249012947,0.699388861656189,0.6288496851921082,-0.045650750398635864,0.7022826075553894,0.6458157896995544,-0.04022592306137085,0.7057549357414246,0.625778317451477,-0.03391069546341896
yes,0.6913983225822449,0.6960339546203613,-3.6128741953689314e-07,0.6417595744132996,0.6999127864837646,-0.026579586789011955,0.5932378768920898,0.6930798292160034,-0.04585530236363411,0.5704664587974548,0.6878179907798767,-0.061565276235342026,0.591774582862854,0.680932343006134,-0.07255770266056061,0.5827007293701172,0.5498928427696228,-0.027081217616796494,0.5821608304977417,0.6279943585395813,-0.051245395094156265,0.5968887805938721,0.6648985743522644,-0.06518755853176117,0.6014177203178406,0.6534637212753296,-0.07422149181365967,0.6226685047149658,0.5361393690109253,-0.0269140787422657,0.6206249594688416,0.6264845132827759,-0.047712523490190506,0.6305832862854004,0.6581695079803467,-0.05078250169754028,0.6321521997451782,0.6423454880714417,-0.050897806882858276,0.6643069982528687,0.5410892963409424,-0.03050103969871998,0.6604645252227783,0.6267643570899963,-0.04849749803543091,0.6661516427993774,0.6528770327568054,-0.04154406860470772,0.6668617129325867,0.633833110332489,-0.03470509126782417,0.7031614184379578,0.5561622977256775,-0.03758835792541504,0.6982818841934204,0.6265109777450562,-0.04628085717558861,0.7025599479675293,0.6440650224685669,-0.0413091816008091,0.704706609249115,0.6245905160903931,-0.03541057929396629
yes,0.690583348274231,0.6946803331375122,-3.600143543280865e-07,0.6418169736862183,0.6984655857086182,-0.02600873075425625,0.5940711498260498,0.6925984621047974,-0.04527055472135544,0.5708317160606384,0.6894702911376953,-0.0611603818833828,0.5900577902793884,0.6855632066726685,-0.07257398217916489,0.5821881890296936,0.5495191216468811,-0.026853037998080254,0.5822904706001282,0.6299541592597961,-0.05168723315000534,0.5972292423248291,0.6668883562088013,-0.06665395945310593,0.6018940806388855,0.6555410623550415,-0.07628590613603592,0.6227967143058777,0.5361688733100891,-0.027043156325817108,0.6210428476333618,0.6281994581222534,-0.047972314059734344,0.6308268904685974,0.6592466831207275,-0.051357973366975784,0.6327416896820068,0.6435872912406921,-0.05175755172967911,0.6645856499671936,0.5412999391555786,-0.030957700684666634,0.66050124168396,0.627452552318573,-0.04919141158461571,0.6660584211349487,0.6524991393089294,-0.04204957187175751,0.6670852303504944,0.6330106258392334,-0.03497966751456261,0.703376293182373,0.5563938617706299,-0.03832336142659187,0.6977171301841736,0.6256827712059021,-0.04700568690896034,0.7017446756362915,0.6430888772010803,-0.0414283387362957,0.7042362689971924,0.6237507462501526,-0.035025130957365036
yes,0.690421998500824,0.6945432424545288,-3.693494079470838e-07,0.6418982148170471,0.6980600953102112,-0.02608231082558632,0.5942124724388123,0.6923398375511169,-0.04540844261646271,0.5704831480979919,0.6895124912261963,-0.06133970245718956,0.5892118811607361,0.6864647269248962,-0.07282692939043045,0.5823235511779785,0.5498251914978027,-0.02738836221396923,0.5822107195854187,0.63042151927948,-0.05239693447947502,0.5972101092338562,0.6680790185928345,-0.06744105368852615,0.6022477149963379,0.6584357619285583,-0.07700411230325699,0.6231074333190918,0.5361601114273071,-0.027434885501861572,0.6210017204284668,0.6291905641555786,-0.048258133232593536,0.6307587027549744,0.6602192521095276,-0.051582805812358856,0.6328907608985901,0.6454883813858032,-0.0519932396709919,0.6649287343025208,0.5411934852600098,-0.031173894181847572,0.6604738831520081,0.6284319162368774,-0.049284353852272034,0.6660894751548767,0.6529942154884338,-0.042122915387153625,0.667300283908844,0.6341659426689148,-0.035052865743637085,0.703569233417511,0.5561819672584534,-0.03837175667285919,0.6976038813591003,0.6261067390441895,-0.04707442969083786,0.7016076445579529,0.6428720355033875,-0.041481971740722656,0.7041277885437012,0.6237521767616272,-0.035010211169719696
yes,0.6887762546539307,0.6672180891036987,-4.072712727065664e-07,0.6414798498153687,0.6686765551567078,-0.024855107069015503,0.5960644483566284,0.6628003120422363,-0.04347986727952957,0.5703392624855042,0.6585712432861328,-0.059453777968883514,0.5736148357391357,0.6565166711807251,-0.07130424678325653,0.5785633325576782,0.5236244797706604,-0.02721923403441906,0.5793256759643555,0.5928740501403809,-0.05319948121905327,0.5850465297698975,0.6381134390830994,-0.06940878927707672,0.5864928364753723,0.6504044532775879,-0.07867340743541718,0.6190165877342224,0.5092563033103943,-0.027956927195191383,0.6216028332710266,0.5969756245613098,-0.04852709919214249,0.623086154460907,0.6355565786361694,-0.05391980707645416,0.6211345195770264,0.6363024711608887,-0.05596235394477844,0.6604142785072327,0.5156567692756653,-0.03218644857406616,0.6609554290771484,0.6051138043403625,-0.05022797733545303,0.6587002873420715,0.6378686428070068,-0.045350492000579834,0.6543841361999512,0.6342203617095947,-0.039849136024713516,0.6978592872619629,0.5331823229789734,-0.0398489385843277,0.6968056559562683,0.6012504696846008,-0.05001956596970558,0.6937327980995178,0.6240878105163574,-0.045836567878723145,0.6894992589950562,0.6181135773658752,-0.03994779661297798
yes,0.6792727112770081,0.6614276170730591,-3.942259638733958e-07,0.6362107992172241,0.6622697710990906,-0.025675885379314423,0.5955201983451843,0.6564628481864929,-0.04512825235724449,0.5739384889602661,0.6548755764961243,-0.06194286048412323,0.5811373591423035,0.6589000225067139,-0.07531463354825974,0.5768910050392151,0.5272967219352722,-0.02880491502583027,0.5796427726745605,0.5982024669647217,-0.05588049069046974,0.5874128341674805,0.6421123147010803,-0.07286588847637177,0.5879491567611694,0.6480129957199097,-0.08276733756065369,0.6173873543739319,0.5124051570892334,-0.029776681214571,0.6222361922264099,0.5976424217224121,-0.051076795905828476,0.6247616410255432,0.6362733244895935,-0.05647418648004532,0.621049702167511,0.6328397989273071,-0.058375950902700424,0.6586372256278992,0.5169620513916016,-0.03430677577853203,0.6616806983947754,0.6027359366416931,-0.05378187820315361,0.659635066986084,0.6377392411231995,-0.04868941381573677,0.6537385582923889,0.6320203542709351,-0.04258446767926216,0.6964869499206543,0.5318009257316589,-0.04217737168073654,0.6965459585189819,0.5980058908462524,-0.052256591618061066,0.6942839026451111,0.6231445670127869,-0.04678238183259964,0.690584659576416,0.6171181797981262,-0.04000364989042282
yes,0.6808231472969055,0.6586434245109558,-3.9714220179121185e-07,0.638582706451416,0.6593101620674133,-0.024833105504512787,0.5989526510238647,0.6548411846160889,-0.04422964155673981,0.5764892101287842,0.6558840274810791,-0.061152104288339615,0.5762952566146851,0.6639341115951538,-0.07471007853746414,0.5779257416725159,0.5268741846084595,-0.02929074503481388,0.5799663066864014,0.5969365239143372,-0.057979218661785126,0.5860747694969177,0.641583263874054,-0.07632340490818024,0.5858233571052551,0.6546949148178101,-0.08649645000696182,0.6176320910453796,0.5124030113220215,-0.030812615528702736,0.622530460357666,0.5974198579788208,-0.05277934670448303,0.6241632103919983,0.6366047859191895,-0.05906226858496666,0.6204962730407715,0.6363851428031921,-0.06160000339150429,0.6583786010742188,0.517467200756073,-0.03582404553890228,0.6618329882621765,0.6035665273666382,-0.0553102120757103,0.659843921661377,0.6391663551330566,-0.050188466906547546,0.6547162532806396,0.635952889919281,-0.04417954757809639,0.6962851881980896,0.5329055190086365,-0.04419516399502754,0.6968013048171997,0.5987288951873779,-0.05444202572107315,0.6943620443344116,0.6239317655563354,-0.04867934063076973,0.690801739692688,0.6190816164016724,-0.04165559262037277
yes,0.6811432242393494,0.6593884229660034,-3.8861324469507963e-07,0.6391875147819519,0.6600959300994873,-0.025050723925232887,0.6001254320144653,0.6549208164215088,-0.04432523995637894,0.5776605010032654,0.6552677154541016,-0.06098006293177605,0.5771114826202393,0.6619406342506409,-0.07400932163000107,0.5777567625045776,0.5269028544425964,-0.02891697734594345,0.5810940265655518,0.5995875597000122,-0.05812360718846321,0.5885358452796936,0.6426815986633301,-0.07670179009437561,0.5881348848342896,0.6516447067260742,-0.08702192455530167,0.617470920085907,0.5124766826629639,-0.030375590547919273,0.6232046484947205,0.5989177227020264,-0.05284300819039345,0.6254656910896301,0.6366801857948303,-0.05875513330101967,0.6216615438461304,0.6333160400390625,-0.06082722917199135,0.6582878828048706,0.5176577568054199,-0.035482995212078094,0.6621850728988647,0.6038855314254761,-0.055353518575429916,0.6604263782501221,0.6382904052734375,-0.0494002103805542,0.6553078889846802,0.6326164603233337,-0.04260842874646187,0.696348249912262,0.5333393812179565,-0.04403989762067795,0.6971353888511658,0.599428653717041,-0.05471161752939224,0.6945652365684509,0.6236215829849243,-0.04883088916540146,0.6910144686698914,0.6170804500579834,-0.041462816298007965
yes,0.6740064024925232,0.6417207717895508,-2.7791193701887096e-07,0.6339766979217529,0.6487208604812622,-0.033207859843969345,0.5939786434173584,0.6431830525398254,-0.056511182337999344,0.5700511336326599,0.6378328800201416,-0.07460939884185791,0.5829473733901978,0.6242009997367859,-0.08724653720855713,0.5811387896537781,0.4932063817977905,-0.032974038273096085,0.585238516330719,0.5770594477653503,-0.060479555279016495,0.5961284637451172,0.6081609129905701,-0.07720760256052017,0.5965772271156311,0.5914130210876465,-0.08764529973268509,0.6209559440612793,0.48256146907806396,-0.029820408672094345,0.6255418062210083,0.5808708667755127,-0.05450854077935219,0.6316527724266052,0.6072056889533997,-0.060154933482408524,0.6289817690849304,0.5848211050033569,-0.06136023998260498,0.6618241667747498,0.49073222279548645,-0.03081499971449375,0.663338303565979,0.5820144414901733,-0.05140632018446922,0.664620041847229,0.6036844849586487,-0.043397556990385056,0.6622157096862793,0.5815161466598511,-0.03499424830079079,0.6987014412879944,0.5102043151855469,-0.03597508743405342,0.6973724961280823,0.5811178684234619,-0.0479775071144104,0.6976208090782166,0.5960177779197693,-0.04338061437010765,0.6973232626914978,0.5741139650344849,-0.03657897189259529
yes,0.6778532862663269,0.6444385051727295,-3.1726764859740797e-07,0.6339093446731567,0.6498309373855591,-0.03238673880696297,0.5919337868690491,0.6448491811752319,-0.055732034146785736,0.5667243003845215,0.6387828588485718,-0.07408072054386139,0.582493007183075,0.6229718923568726,-0.08690337091684341,0.5808624625205994,0.49312445521354675,-0.035388149321079254,0.5823132991790771,0.5764332413673401,-0.061985570937395096,0.5928378105163574,0.6097867488861084,-0.07656632363796234,0.5955688953399658,0.5960168242454529,-0.08554749935865402,0.6215497255325317,0.4830339550971985,-0.03266367316246033,0.623023509979248,0.5787315964698792,-0.056189171969890594,0.6286488771438599,0.6059714555740356,-0.06055349111557007,0.6273763179779053,0.5866429209709167,-0.06128597632050514,0.6626448631286621,0.49081072211265564,-0.03372156247496605,0.6615424156188965,0.5812665820121765,-0.053327709436416626,0.6634759902954102,0.6037963032722473,-0.0450284518301487,0.6622413396835327,0.5830935835838318,-0.036852531135082245,0.699687659740448,0.5099664926528931,-0.03887546807527542,0.6950992345809937,0.5799679160118103,-0.04944755136966705,0.6959388256072998,0.5966483354568481,-0.04411855340003967,0.6969185471534729,0.5777102112770081,-0.037100650370121
yes,0.6804556250572205,0.6455270648002625,-3.3063210480577254e-07,0.6357246041297913,0.6503065228462219,-0.03217728063464165,0.592980682849884,0.6458391547203064,-0.055621713399887085,0.5671018958091736,0.639468789100647,-0.07425899058580399,0.5828959345817566,0.6240260004997253,-0.0874706357717514,0.5808370113372803,0.4932975769042969,-0.035109154880046844,0.5820322036743164,0.5746155977249146,-0.06165451183915138,0.592988133430481,0.608431339263916,-0.07623646408319473,0.5958049893379211,0.59527587890625,-0.08521848917007446,0.621538519859314,0.4829074442386627,-0.03250516951084137,0.6224626302719116,0.5788023471832275,-0.055878881365060806,0.628423273563385,0.6062557101249695,-0.06017356365919113,0.6270398497581482,0.5876590013504028,-0.06085596978664398,0.6628016829490662,0.4905608892440796,-0.03369437903165817,0.6606119871139526,0.5813885927200317,-0.05321800708770752,0.6633207201957703,0.6037470698356628,-0.0450018048286438,0.6622002124786377,0.5836474895477295,-0.036840151995420456,0.6998091340065002,0.509445309638977,-0.038940612226724625,0.6946392059326172,0.5799559950828552,-0.04931658133864403,0.6962301731109619,0.5960349440574646,-0.04390128701925278,0.6973685026168823,0.5769768953323364,-0.03682577237486839
yes,0.6801965236663818,0.6455210447311401,-3.394803513856459e-07,0.6354421973228455,0.650301456451416,-0.03189418464899063,0.5924299955368042,0.6456289291381836,-0.0549575537443161,0.5667769908905029,0.6390539407730103,-0.07333105057477951,0.5834771990776062,0.623635470867157,-0.08631748706102371,0.5806567072868347,0.4932595491409302,-0.033827681094408035,0.5826366543769836,0.5745298266410828,-0.060361575335264206,0.5935579538345337,0.609092116355896,-0.07512636482715607,0.5960981249809265,0.5958906412124634,-0.08418971300125122,0.6212641596794128,0.48286160826683044,-0.031369201838970184,0.6226350665092468,0.57883220911026,-0.05467567220330238,0.62867671251297,0.6066715717315674,-0.0590616911649704,0.6272000670433044,0.5875118970870972,-0.05972398445010185,0.6625502109527588,0.4905572235584259,-0.0327741838991642,0.6604023575782776,0.5809634923934937,-0.05239619314670563,0.6633968353271484,0.6037783026695251,-0.044429436326026917,0.6624672412872314,0.5837242007255554,-0.036300115287303925,0.6995527744293213,0.5092477798461914,-0.0381978414952755,0.69447261095047,0.579529345035553,-0.04854830726981163,0.696230411529541,0.5958403944969177,-0.04318533092737198,0.6974905729293823,0.5767667293548584,-0.03610892966389656
yes,0.6743435263633728,0.6301002502441406,-3.4401276138851244e-07,0.6273380517959595,0.6358173489570618,-0.030805857852101326,0.5793952345848083,0.6308838725090027,-0.052728623151779175,0.5609154105186462,0.6205743551254272,-0.07003398984670639,0.5924478769302368,0.6109833121299744,-0.08210930228233337,0.5792718529701233,0.47590601444244385,-0.03204251825809479,0.5799567699432373,0.5583115816116333,-0.0563938170671463,0.5913761258125305,0.5957011580467224,-0.07028339803218842,0.5948605537414551,0.5838004350662231,-0.07940471172332764,0.6220925450325012,0.4661995768547058,-0.030042385682463646,0.6211095452308655,0.5675288438796997,-0.05116933584213257,0.626908004283905,0.596197247505188,-0.054957203567028046,0.6271677613258362,0.5775700211524963,-0.05590774118900299,0.6644342541694641,0.4762222468852997,-0.031843047589063644,0.6601080298423767,0.572422981262207,-0.049667470157146454,0.6607868075370789,0.593902051448822,-0.04291843622922897,0.6599779725074768,0.5731380581855774,-0.03626619651913643,0.701974630355835,0.49740245938301086,-0.03761126473546028,0.693763256072998,0.5723494291305542,-0.04773952439427376,0.6935469508171082,0.5877813696861267,-0.04363880306482315,0.6943259239196777,0.568691611289978,-0.03795027732849121
yes,0.6763957738876343,0.6315692067146301,-3.6994183005845116e-07,0.6272540092468262,0.6362758874893188,-0.03276583179831505,0.5797742605209351,0.6303749084472656,-0.05565674975514412,0.560305655002594,0.6210587024688721,-0.07370628416538239,0.5905596017837524,0.6112083196640015,-0.08618400990962982,0.5792785286903381,0.47706565260887146,-0.034333545714616776,0.5777925252914429,0.5557584762573242,-0.05944318324327469,0.5894249677658081,0.5956554412841797,-0.07236485928297043,0.5935418605804443,0.5844601988792419,-0.08048645406961441,0.6222537755966187,0.46613386273384094,-0.03162090852856636,0.6199641823768616,0.5646842122077942,-0.0536578930914402,0.6261264681816101,0.5961278676986694,-0.05631398409605026,0.625514030456543,0.5764341354370117,-0.05592406913638115,0.6648269295692444,0.47506657242774963,-0.032977793365716934,0.6593632102012634,0.5700719356536865,-0.052030373364686966,0.6613221168518066,0.5932920575141907,-0.04414760693907738,0.6606103181838989,0.5713750123977661,-0.03625478595495224,0.702197790145874,0.49445202946662903,-0.03838074207305908,0.6925392150878906,0.5688919425010681,-0.048593670129776,0.6932621598243713,0.585427463054657,-0.04350696876645088,0.694593608379364,0.5653454661369324,-0.036839284002780914
yes,0.6769359707832336,0.6314245462417603,-3.722795440808113e-07,0.627519428730011,0.6363658905029297,-0.03240751847624779,0.5796787738800049,0.6313509941101074,-0.05525091290473938,0.5606669783592224,0.6215487122535706,-0.07333026081323624,0.5917046666145325,0.6100783944129944,-0.08587709069252014,0.5790190100669861,0.47696101665496826,-0.03424676135182381,0.5776513814926147,0.5563592314720154,-0.059049107134342194,0.5894871950149536,0.5958177447319031,-0.0719294622540474,0.5939229726791382,0.5842986106872559,-0.08011054247617722,0.6222575902938843,0.4662856161594391,-0.0317315012216568,0.6198287606239319,0.5654951333999634,-0.05334408953785896,0.6256217360496521,0.5966010093688965,-0.056020740419626236,0.6249086260795593,0.5774268507957458,-0.05584845691919327,0.6650135517120361,0.47540438175201416,-0.03321589156985283,0.6591704487800598,0.5703866481781006,-0.052085891366004944,0.6609346866607666,0.5933177471160889,-0.04439738765358925,0.6602588295936584,0.5721399188041687,-0.03673791140317917,0.7026049494743347,0.4948984980583191,-0.038711678236722946,0.6927371025085449,0.5692194104194641,-0.04903961718082428,0.6933665871620178,0.5856893658638,-0.04410383477807045,0.694787323474884,0.5663286447525024,-0.03756589815020561
yes,0.6762474775314331,0.631206750869751,-3.7247866657708073e-07,0.6272112131118774,0.6362396478652954,-0.032771214842796326,0.5796363949775696,0.6313573122024536,-0.05577161908149719,0.5606912970542908,0.621418297290802,-0.0739203542470932,0.5917639136314392,0.6096559166908264,-0.08651328831911087,0.5789316892623901,0.47704923152923584,-0.03476850688457489,0.577825129032135,0.5568922162055969,-0.059555646032094955,0.5894972681999207,0.5961307883262634,-0.07233024388551712,0.5937310457229614,0.5845265984535217,-0.0804295614361763,0.6222142577171326,0.46630918979644775,-0.03206267207860947,0.62003493309021,0.566054105758667,-0.053725291043519974,0.6255912780761719,0.5968827605247498,-0.056343622505664825,0.6246681809425354,0.577719509601593,-0.05612034350633621,0.6650141477584839,0.475361168384552,-0.0333600677549839,0.6593493819236755,0.5707141757011414,-0.052271999418735504,0.6608884334564209,0.5931295156478882,-0.04455837607383728,0.6600550413131714,0.5718230605125427,-0.036857228726148605,0.7025970220565796,0.4948130249977112,-0.03869323432445526,0.6929001808166504,0.5690739154815674,-0.049104686826467514,0.6934762001037598,0.5849007368087769,-0.044210873544216156,0.6948724389076233,0.5652450323104858,-0.03767414391040802
yes,0.6786816120147705,0.6232447028160095,-3.789878348925413e-07,0.6269313097000122,0.62750643491745,-0.0307087991386652,0.5774824023246765,0.6221100687980652,-0.052852388471364975,0.5587747693061829,0.6139745116233826,-0.07044149935245514,0.5875068306922913,0.6080443263053894,-0.08269186317920685,0.5763717293739319,0.4763469099998474,-0.03457976132631302,0.5763705968856812,0.5578488707542419,-0.059063732624053955,0.5897586345672607,0.598771333694458,-0.07161739468574524,0.5950453281402588,0.5914976596832275,-0.07946604490280151,0.6201100945472717,0.4651012420654297,-0.03259982541203499,0.6178311705589294,0.5692273378372192,-0.05327976495027542,0.6242595314979553,0.6011447906494141,-0.05524502322077751,0.6251211166381836,0.5851431488990784,-0.0549805723130703,0.6630979776382446,0.4742245078086853,-0.034415047615766525,0.6578683257102966,0.5740872621536255,-0.05238588526844978,0.6598464250564575,0.595431923866272,-0.04460211470723152,0.659889817237854,0.574273943901062,-0.03726024180650711,0.7008358836174011,0.4937104880809784,-0.04007045552134514,0.691087007522583,0.5708139538764954,-0.05038730055093765,0.6922006607055664,0.5853204727172852,-0.04542187973856926,0.6942299008369446,0.5653621554374695,-0.03901439905166626
yes,0.677605926990509,0.6218141317367554,-3.8452128592325607e-07,0.6266507506370544,0.6271860599517822,-0.03181638941168785,0.5767897367477417,0.6217044591903687,-0.053693629801273346,0.5577049255371094,0.6136672496795654,-0.07092863321304321,0.5876757502555847,0.6075015068054199,-0.08300627768039703,0.5758448839187622,0.4762936234474182,-0.034653451293706894,0.5775269269943237,0.5589174628257751,-0.058821506798267365,0.590785562992096,0.5988165736198425,-0.07089745253324509,0.5949237942695618,0.5916022062301636,-0.07830622792243958,0.6192983984947205,0.46436959505081177,-0.032097719609737396,0.6187911033630371,0.5690575242042542,-0.05271676555275917,0.624464750289917,0.6004202365875244,-0.05445712432265282,0.6235395669937134,0.5844489336013794,-0.053797632455825806,0.6622003316879272,0.4734881818294525,-0.03354249149560928,0.6583080291748047,0.5733538866043091,-0.05194532498717308,0.6591154932975769,0.594561755657196,-0.04454132542014122,0.6580937504768372,0.5742461085319519,-0.03704121708869934,0.6995726823806763,0.49320754408836365,-0.03888960927724838,0.6914103627204895,0.5696966648101807,-0.049304258078336716,0.6907456517219543,0.5854184627532959,-0.04462534189224243,0.6915122270584106,0.5678287744522095,-0.038329899311065674
yes,0.6777395009994507,0.6217236518859863,-3.8367463162103377e-07,0.6269596815109253,0.6276049613952637,-0.03186233341693878,0.5776144862174988,0.6226063370704651,-0.05386281758546829,0.5580820441246033,0.6143165230751038,-0.07133856415748596,0.5875256061553955,0.6076018214225769,-0.08365219831466675,0.5758138298988342,0.4759748578071594,-0.033932365477085114,0.5777897238731384,0.5587176084518433,-0.05865982547402382,0.591579794883728,0.5983322262763977,-0.07138259708881378,0.5959955453872681,0.5902925729751587,-0.07915138453245163,0.6192657947540283,0.46445003151893616,-0.03151853382587433,0.6189389228820801,0.5691315531730652,-0.052616186439991,0.6253620982170105,0.6006479859352112,-0.05461129546165466,0.625053882598877,0.5840453505516052,-0.05398368835449219,0.6622061133384705,0.473764032125473,-0.03323697671294212,0.6584819555282593,0.57301265001297,-0.05212147533893585,0.6596212983131409,0.5945128798484802,-0.044731106609106064,0.6588147282600403,0.5738452672958374,-0.03708379715681076,0.6997244954109192,0.4934855103492737,-0.038872383534908295,0.6919857263565063,0.5694707632064819,-0.0494113489985466,0.6912288665771484,0.5858622193336487,-0.044651903212070465,0.691865086555481,0.5684303045272827,-0.03822949901223183
yes,0.6776376962661743,0.6217760443687439,-3.8440776961579104e-07,0.6268610954284668,0.6274438500404358,-0.03180528059601784,0.5774287581443787,0.6224690079689026,-0.05376847833395004,0.5581303238868713,0.6142783761024475,-0.07121304422616959,0.5878553986549377,0.6074754595756531,-0.08349508047103882,0.5758669376373291,0.4759990870952606,-0.033957067877054214,0.5778580904006958,0.5587043166160583,-0.05858338996767998,0.5915164947509766,0.5983647108078003,-0.07119102030992508,0.5957534909248352,0.5903781056404114,-0.07890406996011734,0.6193074584007263,0.46443283557891846,-0.031546030193567276,0.6190304160118103,0.5693660378456116,-0.05259400233626366,0.625243067741394,0.6008347272872925,-0.054538294672966,0.624708890914917,0.5841726660728455,-0.05387387424707413,0.6622273921966553,0.4737425148487091,-0.03325226530432701,0.6585850119590759,0.5734524130821228,-0.05205579847097397,0.6595787405967712,0.594757616519928,-0.044644784182310104,0.6585816144943237,0.5739550590515137,-0.03699515759944916,0.6996802091598511,0.49350836873054504,-0.038874752819538116,0.6920018196105957,0.5700268149375916,-0.04943111166357994,0.6911789774894714,0.5860539078712463,-0.04472796618938446,0.6916609406471252,0.5682691931724548,-0.03833778575062752
yes,0.6740483045578003,0.6216083765029907,-3.8338126273629314e-07,0.6248934864997864,0.627530574798584,-0.03239895775914192,0.5753690004348755,0.6176206469535828,-0.0539875365793705,0.560080885887146,0.6079612970352173,-0.0708136036992073,0.5921156406402588,0.6056790947914124,-0.08271943032741547,0.5779857635498047,0.47231242060661316,-0.03465879335999489,0.5795360803604126,0.5569026470184326,-0.059112440794706345,0.5919466018676758,0.5964915752410889,-0.07176025211811066,0.595465898513794,0.5864022970199585,-0.0798972100019455,0.621978759765625,0.46165943145751953,-0.03220859915018082,0.6207776069641113,0.565319299697876,-0.05372898653149605,0.6263285279273987,0.5963551998138428,-0.055889781564474106,0.6253959536552429,0.578060507774353,-0.05540502071380615,0.6647279858589172,0.4722442626953125,-0.03383634611964226,0.6601112484931946,0.5702065229415894,-0.05274735391139984,0.659984290599823,0.5931754112243652,-0.04507710784673691,0.6584413051605225,0.5720569491386414,-0.03740373253822327,0.701671302318573,0.4933050572872162,-0.03951801359653473,0.6933863162994385,0.569474995136261,-0.05029090493917465,0.6920492649078369,0.5855512022972107,-0.045946378260850906,0.6922511458396912,0.5661962032318115,-0.040056657046079636
yes,0.6732054352760315,0.6202918887138367,-3.668747012852691e-07,0.6241750717163086,0.6259362101554871,-0.032440830022096634,0.5755831003189087,0.6170987486839294,-0.05457392707467079,0.5603373646736145,0.607744574546814,-0.07182081043720245,0.5925320386886597,0.605443000793457,-0.08383052796125412,0.5778577923774719,0.47263628244400024,-0.03506660833954811,0.5786213278770447,0.5569679141044617,-0.060206569731235504,0.5902653932571411,0.5953903198242188,-0.07316593080759048,0.593525230884552,0.5835541486740112,-0.08141753822565079,0.6217390894889832,0.4620872139930725,-0.0323895588517189,0.6206210851669312,0.5655905604362488,-0.05427638068795204,0.6259872913360596,0.5954576134681702,-0.056389544159173965,0.6241163611412048,0.5746872425079346,-0.05579046905040741,0.6644803881645203,0.4719187915325165,-0.033780988305807114,0.660220742225647,0.5695948600769043,-0.05246938019990921,0.6601643562316895,0.5908480882644653,-0.04414385184645653,0.657759428024292,0.5675293803215027,-0.03614584729075432,0.7016685605049133,0.49235889315605164,-0.03925999626517296,0.6926886439323425,0.5679897665977478,-0.04980287700891495,0.6914627552032471,0.5830856561660767,-0.04503576457500458,0.6916596293449402,0.5620338320732117,-0.03878609091043472
yes,0.6737378835678101,0.6207276582717896,-3.6525071323012526e-07,0.6244613528251648,0.6264636516571045,-0.03259996697306633,0.5756345391273499,0.6174050569534302,-0.05477013811469078,0.5601242780685425,0.6074951887130737,-0.07201368361711502,0.5922911167144775,0.6053391695022583,-0.08396517485380173,0.5778542757034302,0.47277745604515076,-0.03514847159385681,0.5784589052200317,0.5570750832557678,-0.06024501845240593,0.5901615023612976,0.5954703092575073,-0.07305541634559631,0.5935169458389282,0.5835101008415222,-0.08121079951524734,0.6216834783554077,0.46219295263290405,-0.03235294669866562,0.620656430721283,0.5658238530158997,-0.05425305292010307,0.6260706782341003,0.5955845713615417,-0.056227732449769974,0.6242290139198303,0.5745772123336792,-0.05548854172229767,0.6644653081893921,0.47201183438301086,-0.03365432843565941,0.6604188680648804,0.5699595808982849,-0.052318137139081955,0.6603505611419678,0.5908867716789246,-0.04392117261886597,0.6579807996749878,0.5671438574790955,-0.035866040736436844,0.7016550898551941,0.4925428032875061,-0.03905702754855156,0.6928308010101318,0.5683892369270325,-0.04966563731431961,0.691702663898468,0.582970380783081,-0.04500735551118851,0.6920595765113831,0.5613253712654114,-0.03881567716598511
